filename,class,split,sobel_density,prewitt_density,scharr_density,canny_density
IMG20200713141604.jpg,unripe,train,0.13660750359266172,0.066833287919018,0.7018105967292579,0.016217384359373692
IMG20200713141623.jpg,unripe,train,0.14496328701511918,0.06796238123621613,0.7153346566640778,0.0132687082039231
IMG20200713141640.jpg,unripe,train,0.13220653531174376,0.06196232829140105,0.7108453586728976,0.010146385458493943
IMG20200713141737.jpg,unripe,train,0.17432801082003213,0.09002425735398338,0.7417309625050689,0.02011622371160109
IMG20200713141824.jpg,unripe,train,0.13448434896353187,0.06653921685263524,0.6887943346770947,0.01328552725531655
IMG20200713141846.jpg,unripe,train,0.19080649977485437,0.10919847708089137,0.7299183795306206,0.028007266211939434
IMG20200713142056.jpg,unripe,train,0.1285419744201428,0.05705077060363025,0.7143827662694675,0.009526894121846869
IMG20200713142139.jpg,unripe,train,0.1537668715364276,0.07413245625280113,0.7429842443844172,0.013550279265999634
IMG20200713142211.jpg,unripe,train,0.09527515927147631,0.036601420238532856,0.6874513534483799,0.003276735180188948
IMG20200713142220.jpg,unripe,train,0.10274623809168681,0.040544493810537506,0.6905545499360928,0.004232717166691965
IMG20200713142228.jpg,unripe,train,0.1108316256653993,0.043916983110667336,0.7115192245990316,0.008381326055839432
IMG20200713142241.jpg,unripe,train,0.09791123876170062,0.04466516686041433,0.6944664277586101,0.007718368471996743
IMG20200713142258.jpg,unripe,train,0.10200753671103632,0.0418574784118673,0.7034912212455559,0.006674890582433421
IMG20200713142856.jpg,unripe,train,0.11530590216212336,0.053400112257213424,0.697983679455136,0.012054747204248048
IMG20200713142909.jpg,unripe,train,0.09019640979335478,0.03599594411863456,0.6850777377132616,0.003661559260893969
IMG20200713142917.jpg,unripe,train,0.1115567108131241,0.047926723604011005,0.711152370336996,0.008350868506759493
IMG20200713142946.jpg,unripe,train,0.14334692967244886,0.062177706337051324,0.7195313443585761,0.008938277569671754
IMG20200713143028.jpg,unripe,train,0.14922697736814497,0.07766076629999856,0.726291732012312,0.01796101277151727
IMG20200713143043.jpg,unripe,train,0.13739671339580917,0.06112710054719964,0.7184105468320638,0.005607650171705435
IMG20200713143050.jpg,unripe,train,0.11779908071362834,0.049264035197098495,0.7071879527059254,0.006939352207832353
IMG20200713143109.jpg,unripe,train,0.0957093733418669,0.04093032008587301,0.6944382666356351,0.005859408413547129
IMG20200713143206.jpg,unripe,train,0.10199288982853914,0.03879962499847958,0.6990801332860027,0.004344072846719723
IMG20200713143223.jpg,unripe,train,0.10456824948965124,0.04437979940404737,0.6992438489196517,0.008345086976881121
IMG20200713143259.jpg,unripe,train,0.1652679087621434,0.0754023760227214,0.7429455976356987,0.01226244428269585
IMG20200713143317.jpg,unripe,train,0.18479482855374513,0.10183916526048835,0.7525822090996296,0.028641441820996337
IMG20200713143325.jpg,unripe,train,0.16849262644361931,0.08502060323346161,0.7270227214004235,0.020968129510942693
IMG20200713143333.jpg,unripe,train,0.12033098213567212,0.055153320319665654,0.7146523365447934,0.00965883020826632
IMG20200713143359.jpg,unripe,train,0.14404905995203704,0.0729444040984996,0.729201968847501,0.018147341240876726
IMG20200713143438.jpg,unripe,train,0.1150439170237802,0.051653896467467264,0.6872734068334212,0.00830685853103806
IMG20200713143447.jpg,unripe,train,0.165482084209936,0.08489779912666147,0.7220136267759226,0.01566589873030081
IMG20200713143503.jpg,unripe,train,0.10418758966908011,0.04650286944004212,0.6940728120454263,0.007747489239528807
IMG20200713143508.jpg,unripe,train,0.10264004061521993,0.04409298604559999,0.6898952291520647,0.006261634794333285
IMG20200713143524.jpg,unripe,train,0.15908607947488856,0.07712286611460115,0.7426194542548414,0.012002487072636672
IMG20200713143542.jpg,unripe,train,0.18431918688310392,0.09329163510719139,0.7341412364441339,0.019497178039861736
IMG20200713143556.jpg,unripe,train,0.1954293998050836,0.10644183023872396,0.7342703369152676,0.0281517645880282
IMG20200713143602.jpg,unripe,train,0.22838225776821283,0.12833745415820375,0.7542521945409767,0.035170834508444895
IMG20200713143616.jpg,unripe,train,0.09330907542441685,0.03988038786807943,0.6808020593349643,0.00953219656638152
IMG20200713143625.jpg,unripe,train,0.13029306755220962,0.05964975083078529,0.7293529151250615,0.009335581660345581
IMG20200713143701.jpg,unripe,train,0.13972509757181148,0.07942756943176167,0.7030488149702693,0.024130324113081848
IMG20200713143721.jpg,unripe,train,0.1502622041498592,0.06739587509046334,0.7248942593184746,0.010635425785093753
IMG20200713143750.jpg,unripe,train,0.13808522736944426,0.06485964881993987,0.7138696948226538,0.011734702669069886
IMG20200713143812.jpg,unripe,train,0.10577614371553584,0.04504791459966467,0.6888144662897008,0.005578660939312008
IMG20200713143821.jpg,unripe,train,0.10838187880756772,0.05149893186776056,0.7144737775549282,0.011461724618968905
IMG20200713143830.jpg,unripe,train,0.10538200664851237,0.04747064852348976,0.691969902753148,0.009949088000183742
IMG20200713143842.jpg,unripe,train,0.09977752023804677,0.040926124875936436,0.6957187449714015,0.008408550666945187
IMG20200713143852.jpg,unripe,train,0.12081079096084922,0.06102964576806426,0.6863325907554952,0.014288395472640797
IMG20200713143859.jpg,unripe,train,0.14598359714895887,0.08034571345262909,0.7052519135124412,0.02388918806755459
IMG20200713143908.jpg,unripe,train,0.16438689129021553,0.08460313469043163,0.7297963288850072,0.022831279858998986
IMG20200713143919.jpg,unripe,train,0.13379067690856555,0.05974345147007308,0.7290416117760458,0.009839369855902832
IMG20200713143938.jpg,unripe,train,0.12487458856137791,0.059933465931565545,0.7291729005621146,0.013474028831310846
IMG20200713143943.jpg,unripe,train,0.10510428568902652,0.04738475706424796,0.7081194467596559,0.00885106673253363
IMG20200713143947.jpg,unripe,train,0.1339760802991055,0.05645009462791243,0.701241565177701,0.0069063921284281135
IMG20200713143957.jpg,unripe,train,0.13812491532195736,0.06234758162797769,0.7076107573439608,0.010415255385360934
IMG20200713144008.jpg,unripe,train,0.1421536387242087,0.06848301489634251,0.7141800124904291,0.014814693018392461
IMG20200713144013.jpg,unripe,train,0.10717106233689006,0.04373106997453956,0.6958612130777001,0.0054761470835353165
IMG20200713144109.jpg,unripe,train,0.10956890088934976,0.04746238891320909,0.6926408186683991,0.008006230302795585
IMG20200713144113.jpg,unripe,train,0.09883973961229506,0.05454520200358104,0.5885520357773719,0.010741436944937443
IMG20200713144123.jpg,unripe,train,0.09013505834966445,0.03492285501958195,0.6955636172848851,0.0050089601817823425
IMG20200713144137.jpg,unripe,train,0.11679940925031068,0.04982330291629492,0.7034864707980012,0.010686217627399271
IMG20200713144142.jpg,unripe,train,0.13154126784744685,0.05660599403678992,0.7047603169552726,0.009846226266967616
IMG20200713144151.jpg,unripe,train,0.09641598574820494,0.03602408705382775,0.6958815784310898,0.003601440576195626
IMG20200713144202.jpg,unripe,train,0.13484499482116985,0.05840958559562975,0.7076562202752726,0.009699710487841554
IMG20200713144211.jpg,unripe,train,0.1805384480009467,0.09894318452247733,0.7157156017356646,0.026829243046580315
IMG20200713144221.jpg,unripe,train,0.129459107099366,0.06583310235732569,0.7019699629340851,0.016989518852545456
IMG20200713144228.jpg,unripe,train,0.13640312771369886,0.06510215835702124,0.717919932831071,0.01225119339302169
IMG20200713144234.jpg,unripe,train,0.12702586118227077,0.05535813322869012,0.6989503522718511,0.00972618778619101
IMG20200713144248.jpg,unripe,train,0.1380192480495549,0.058852943733811246,0.7151491433985915,0.006029509812403763
IMG20200713144253.jpg,unripe,train,0.12485658153143532,0.053445972494668405,0.7001100196408636,0.008251473477341835
IMG20200713144302.jpg,unripe,train,0.14517737878288678,0.07051782461567556,0.7056480758615545,0.016704253042930117
IMG20200713144324.jpg,unripe,train,0.1333286162399009,0.05853911648813621,0.7079805341265283,0.009701486670206833
IMG20200713144332.jpg,unripe,train,0.18365643644385232,0.09921992496653925,0.7241063017442271,0.025559026228159067
IMG20200713144338.jpg,unripe,train,0.151653175564591,0.07444447194862289,0.7235520789437867,0.01489384525241236
IMG20200713144423.jpg,unripe,train,0.16822598056746885,0.08194108877755396,0.7227741222387114,0.017336657584836934
IMG20200713144429.jpg,unripe,train,0.17971132343858182,0.09732033949928008,0.7274598495582978,0.024681083553411
IMG20200713144442.jpg,unripe,train,0.11675233557110454,0.0495328856035003,0.6920871946820839,0.00970247251709224
IMG20200713144457.jpg,unripe,train,0.1710674420772671,0.07953444017071934,0.7348200606514803,0.014789106712825649
IMG20200713144509.jpg,unripe,train,0.13664858232716057,0.0704426509204758,0.7103119069003863,0.017675363763417794
IMG20200713144515.jpg,unripe,train,0.13124534746101454,0.05852344878860486,0.6984827253941139,0.010235582607060522
IMG20200713144534.jpg,unripe,train,0.15609804211514428,0.08059377619884013,0.7189229175842687,0.020012822409429278
IMG20200713144550.jpg,unripe,train,0.1617282174820946,0.07343845517572155,0.7166924376935823,0.013754539897031947
IMG20200713144556.jpg,unripe,train,0.15717102443071437,0.07429918559730563,0.7244749249830735,0.0146249464207919
IMG20200713144605.jpg,unripe,train,0.11188237417653817,0.050731058927364,0.7032360229023841,0.007712630663387054
IMG20200713144630.jpg,unripe,train,0.12030718062063424,0.0571296339870952,0.6962865345641245,0.010056321676706859
IMG20200713144639.jpg,unripe,train,0.1660120817654528,0.079793899267989,0.7210159157575323,0.020853204660449483
IMG20200713144657.jpg,unripe,train,0.18112674093140674,0.0896176168992263,0.7301715298237895,0.02128443289608374
IMG20200713144704.jpg,unripe,train,0.12334747333204278,0.057971253242799135,0.6925991515943116,0.00993369301091443
IMG20200713144717.jpg,unripe,train,0.2044032103657528,0.10931939228735146,0.7370018571637091,0.031858233315891826
IMG20200713144725.jpg,unripe,train,0.18927262733428663,0.09805789666454692,0.7248809087511462,0.024093074386001348
IMG20200713144739.jpg,unripe,train,0.13889234908576953,0.06275691970350734,0.7117682719158278,0.006851192107369797
IMG20200713144806.jpg,unripe,train,0.13611205833629644,0.06526243999628167,0.7103148580409874,0.012311028337990968
IMG20200713144816.jpg,unripe,train,0.11832733812843231,0.05206834532327277,0.7117535971159016,0.009226618704953
IMG20200713144823.jpg,unripe,train,0.12628166348576572,0.0569128391265538,0.7267982068288675,0.01011370158367759
IMG20200713144832.jpg,unripe,train,0.13696781171384545,0.069623591035642,0.6982918130317567,0.01585726672194491
IMG20200713144845.jpg,unripe,train,0.11276742682413918,0.04961355354377561,0.7153667567832713,0.008000764076583984
IMG20200713144855.jpg,unripe,train,0.11674051529847722,0.049814259499247976,0.7279983290760118,0.00782497128102892
IMG20200713144905.jpg,unripe,train,0.10685922362002521,0.043168786660159754,0.7137184472359314,0.005305476833805893
IMG20200713144909.jpg,unripe,train,0.12796306628873844,0.05401465109114622,0.7267499414970865,0.007811515685957168
IMG20200713144918.jpg,unripe,train,0.08911816345325457,0.03871132171611026,0.6860427797326168,0.007768694896941903
IMG20200713144926.jpg,unripe,train,0.10654221169580805,0.04671686802672837,0.6932690706516932,0.008362781920032168
IMG20200713144933.jpg,unripe,train,0.11427842001456581,0.048474984641755224,0.7029351459538791,0.007060625643178633
IMG20200713144941.jpg,unripe,train,0.12117479702899543,0.05420338630166016,0.7127975157803692,0.010590868086786215
IMG20200713144956.jpg,unripe,train,0.13805231918981709,0.0632578588695251,0.7331897120181738,0.013242470872602836
IMG20200713145006.jpg,unripe,train,0.16680559327751165,0.08525723276839912,0.7391613827655529,0.024323083983250855
IMG20200713145011.jpg,unripe,train,0.151674436095475,0.07827737302816869,0.7276647104548164,0.018427980443614683
IMG20200713145018.jpg,unripe,train,0.1306277196145739,0.06831243806756872,0.7081900822824679,0.01833613372953913
IMG20200713145026.jpg,unripe,train,0.1391584632795613,0.06504922031479181,0.7273542991486424,0.013694572697850906
IMG20200713145036.jpg,unripe,train,0.1471518353934275,0.06977302750020242,0.7172551138793758,0.014571074016106531
IMG20200713145100.jpg,unripe,train,0.1333105201394866,0.05971842002288113,0.7252835353859476,0.007078607743380147
IMG20200713145109.jpg,unripe,train,0.06710289828484452,0.024107536833689127,0.65882454232639,0.0029811552245231645
IMG20200713145136.jpg,unripe,train,0.07493996832294549,0.02874367751465035,0.6762172380250732,0.004424462269407608
IMG20200713145141.jpg,unripe,train,0.06732332240800531,0.023899691588328695,0.674586368383216,0.003418007363183773
IMG20200713145148.jpg,unripe,train,0.17477886997903755,0.0845217191518739,0.744974317731879,0.0170914222884529
IMG20200713145208.jpg,unripe,train,0.13183219239335658,0.05561628615411978,0.7316942045022429,0.007947743808394433
IMG20200713145224.jpg,unripe,train,0.16030190040734202,0.07483361398369384,0.7336420495476141,0.015145136717032064
IMG20200713145237.jpg,unripe,train,0.1393710470824019,0.05973295853777466,0.7340565706189911,0.006052354181253932
IMG20200713145248.jpg,unripe,train,0.08955334895227088,0.03573022425493947,0.7023782959509244,0.006015471010394442
IMG20200713145253.jpg,unripe,train,0.14616513699431297,0.07460520987924649,0.7314583614461174,0.017116007558230565
IMG20200713145258.jpg,unripe,train,0.13473706227767743,0.05576859388841254,0.7377159191861942,0.008279444318486
IMG20200713145308.jpg,unripe,train,0.14161120036602137,0.06233476993121045,0.7159615433596345,0.00889160907514607
IMG20200713145312.jpg,unripe,train,0.16028213332248864,0.07430748289633628,0.7327688309786918,0.011835104032139202
IMG20200713145316.jpg,unripe,train,0.18330920533488815,0.09057100999427369,0.7506956664896739,0.02142912870461759
IMG20200713145330.jpg,unripe,train,0.12843060657838298,0.053061156639683985,0.7223930714570009,0.006308492777180474
IMG20200713145338.jpg,unripe,train,0.16113839428460647,0.08369685496553453,0.724025350483104,0.02377751561520867
IMG20200713145343.jpg,unripe,train,0.13933221867440737,0.06570569657609476,0.7323639188602425,0.015351877184852885
IMG20200713145350.jpg,unripe,train,0.11990981142286221,0.05255875922338277,0.7146676004311743,0.009522752117983715
IMG20200713145355.jpg,unripe,train,0.10533011741538048,0.045561769460754666,0.6972443831827221,0.009241343970515684
IMG20200713145423.jpg,unripe,train,0.13674878860792877,0.0677442155546191,0.71716896454208,0.013182658161979931
IMG20200713145428.jpg,unripe,train,0.14156967806981802,0.0636479423772353,0.7236681452788997,0.011269708814517373
IMG20200713145435.jpg,unripe,train,0.0930680773503454,0.03569182136319459,0.7139815815306196,0.004467525764846318
IMG20200713145443.jpg,unripe,train,0.135444595437108,0.05513828185206653,0.7440041135569104,0.009466705843377285
IMG20200713145452.jpg,unripe,train,0.2084793519396982,0.11472219776248374,0.7683807343420941,0.029858237210268045
IMG20200713145505.jpg,unripe,train,0.14648567007895744,0.06268879392854668,0.7439125469613947,0.007072865247116768
IMG20200713145512.jpg,unripe,train,0.12355519035767777,0.05456952433073524,0.730521318353597,0.008792111750125153
IMG20200713145518.jpg,unripe,train,0.12144074432203547,0.05361337570767249,0.7210169959861727,0.009700151996594353
IMG20200713145532.jpg,unripe,train,0.1327202072527399,0.055405872192958505,0.735725388594683,0.009015544041372923
IMG20200713145541.jpg,unripe,train,0.10702396804171918,0.047303595205997806,0.7018392143749848,0.00828062583215479
IMG20200713145548.jpg,unripe,train,0.1092302468827567,0.04750125301088502,0.7252995101071503,0.008124363389370226
IMG20200713145553.jpg,unripe,train,0.0909946248260605,0.039229181004475866,0.6870638661112577,0.00791030343150435
IMG20200713145601.jpg,unripe,train,0.11208742374548453,0.04699430372028649,0.7108229305466931,0.0075748394133279325
IMG20200713145605.jpg,unripe,train,0.13769371313758302,0.06192193727280375,0.7283424687292007,0.01033767856625924
IMG20200713145615.jpg,unripe,train,0.1357021148628275,0.05999799538879425,0.7257492232061167,0.00821890347791702
IMG20200713145630.jpg,unripe,train,0.17404599721513545,0.08742584047382054,0.7456053614521937,0.02429868893261281
IMG20200713145642.jpg,unripe,train,0.14017460055868136,0.06626488513311825,0.7199317875655729,0.011617429050242548
IMG20200713145648.jpg,unripe,train,0.15524551278314522,0.07027324853784696,0.7381445994589367,0.011047608374787103
IMG20200713145702.jpg,unripe,train,0.12193551025290925,0.055319279448184114,0.7171570531752393,0.00930337170538672
IMG20200713145706.jpg,unripe,train,0.16573985112561274,0.08510204675726069,0.7440048136106598,0.016837957705992394
IMG20200713145721.jpg,unripe,train,0.15336239925878925,0.0736865283826689,0.7381159994650275,0.014797199101468296
IMG20200713145729.jpg,unripe,train,0.09384707709603708,0.043049279864065156,0.6902887602311293,0.008834015814663638
IMG20200713145734.jpg,unripe,train,0.09739669838500421,0.041724400561203516,0.7034144819484532,0.006762894922719814
IMG20200713145845.jpg,unripe,train,0.13197427556814761,0.058939405225511395,0.725473642384679,0.007374667891578522
IMG20200713145901.jpg,unripe,train,0.14896090826340305,0.06926301185092905,0.7279797555351984,0.01870072008501597
IMG20200713145921.jpg,unripe,train,0.10393946928938062,0.044770464044560046,0.7008868838205762,0.011355428463034405
IMG20200713145929.jpg,unripe,train,0.12933273185977576,0.06467855792949759,0.7082942173259495,0.0165445434703729
IMG20200713145941.jpg,unripe,train,0.19490162440183972,0.1024589431538943,0.7637734770031294,0.025599099340359917
IMG20200713145947.jpg,unripe,train,0.17969664970548435,0.09201305558133807,0.7599020831260449,0.022991264279322347
IMG20200713145951.jpg,unripe,train,0.19773521890938023,0.10712310180966318,0.7459896675807964,0.023190523404235344
IMG20200713145957.jpg,unripe,train,0.18019571101244894,0.09213408286410882,0.7537539038038413,0.021736414740605985
IMG20200713150008.jpg,unripe,train,0.10723590078564205,0.04405719909649199,0.7006475837541609,0.006475837599503141
IMG20200713150018.jpg,unripe,train,0.101942056669039,0.04547914676818307,0.7068688315766726,0.009590894619471579
IMG20200713150024.jpg,unripe,train,0.1221897554534443,0.053757593075172534,0.7051720482573473,0.008194530220135183
IMG20200713150048.jpg,unripe,train,0.13226248308959357,0.05797224750884411,0.7265843677355892,0.009460689643357008
IMG20200713150059.jpg,unripe,train,0.18260479227151102,0.10100767754240444,0.7290570243272162,0.026298681196007225
IMG20200713150105.jpg,unripe,train,0.1064423585280737,0.04244346793518255,0.7041438068184808,0.00826854572394612
IMG20200713150120.jpg,unripe,train,0.11658498839172059,0.05053110418024092,0.7219147888395209,0.009355874973510965
IMG20200713150129.jpg,unripe,train,0.11681632747267603,0.04881600388252706,0.7156675796471049,0.005628170902175824
IMG20200713150134.jpg,unripe,train,0.18051566649916306,0.0941825563055326,0.7439914487384311,0.022328273121614284
IMG20200713150138.jpg,unripe,train,0.18496267592798132,0.08828963900615251,0.7589509138245932,0.013852667588623786
IMG20200713150142.jpg,unripe,train,0.1837914485145747,0.09025959860285494,0.7533267888224987,0.020866055846194744
IMG20200713150150.jpg,unripe,train,0.14436716487173787,0.07228928397699629,0.717861446412301,0.017165930279082028
IMG20200713150224.jpg,unripe,train,0.21315715263897872,0.1156669218054573,0.7713330379021768,0.02741812029144408
IMG20200713150231.jpg,unripe,train,0.1683295083933782,0.09186294640985737,0.7367234368020557,0.021854491282990263
IMG20200713150242.jpg,unripe,train,0.21814390653303084,0.13568535069250795,0.7390550015460359,0.0415595578225278
IMG20200713150301.jpg,unripe,train,0.22451883175730533,0.13268782357718303,0.7474923922005494,0.03772675176826679
IMG20200713150319.jpg,unripe,train,0.16446555733028934,0.08234631594170227,0.7392003342470281,0.018601947391198574
IMG20200713150330.jpg,unripe,train,0.1212895081796253,0.05334757488902901,0.7120163130483855,0.011166674758351541
IMG20200713150335.jpg,unripe,train,0.15182333000066797,0.07115004016938893,0.7315266592133373,0.016842043383527894
IMG20200713150343.jpg,unripe,train,0.16867511480811545,0.07903732605850076,0.7471945029457961,0.012870757225122832
IMG20200713150353.jpg,unripe,train,0.15723178939671484,0.080652694931119,0.7445040850804804,0.017833487752262046
IMG20200713150357.jpg,unripe,train,0.1747948347110161,0.0892971751791566,0.7458175376678692,0.02201836432544034
IMG20200713150406.jpg,unripe,train,0.12317178391671572,0.05425198341658861,0.7147982912023108,0.010153833203453842
IMG20200713150430.jpg,unripe,train,0.15553305659455774,0.0746886706482263,0.7428672673813621,0.016229624379708114
IMG20200713150444.jpg,unripe,train,0.17703752785799012,0.08564745095590981,0.7503965624485434,0.018422584984655318
IMG20200713150450.jpg,unripe,train,0.12225333552822432,0.05283039587050096,0.7190138911687365,0.0063690770328186565
IMG20200713150506.jpg,unripe,train,0.15768746061605612,0.08212869268614359,0.7422254345904016,0.016679639719627493
IMG20200713150510.jpg,unripe,train,0.14718700682322314,0.07124716505814899,0.7313050657838933,0.013043341938179543
IMG20200713150521.jpg,unripe,train,0.09939697403618883,0.03727687437516067,0.6989444036458524,0.002672091091793887
IMG20200713150538.jpg,unripe,train,0.10586289471440598,0.03930919717469652,0.704186622283625,0.004708174364754565
IMG20200713150542.jpg,unripe,train,0.0955263436860434,0.03550302130779707,0.6909466765536845,0.002660871408855498
IMG20200714165830.jpg,unripe,train,0.15634457232040294,0.07375656732622593,0.7269454475825831,0.016672854297966264
IMG20200714170119.jpg,unripe,train,0.15443116240566335,0.07459810387392211,0.7355626545678529,0.01375721352005609
IMG20200717083337.jpg,fully_ripe,train,0.06354482247484204,0.02505394389807269,0.6522743619292052,0.0026045639807043817
IMG20200717083346.jpg,fully_ripe,train,0.06487511150685911,0.025055753790978418,0.6522301516430394,0.0033786797501853404
IMG20200717083356.jpg,fully_ripe,train,0.06102579988426533,0.023244235960268575,0.639188830368642,0.0037615612691534106
IMG20200717083401.jpg,fully_ripe,train,0.07587629315906548,0.041872189968550876,0.616951852976811,0.01104369461771527
IMG20200717083408.jpg,fully_ripe,train,0.1573192312003793,0.0918752493265154,0.7165901209995951,0.025347012673247068
IMG20200717083420.jpg,fully_ripe,train,0.08752104616120564,0.037330468644706384,0.6764830442751704,0.006538513185417582
IMG20200717083440.jpg,fully_ripe,train,0.11435289843256144,0.05861456483066956,0.7015178427185783,0.013563700952551635
IMG20200717083454.jpg,fully_ripe,train,0.06436925274457227,0.023368449245342288,0.678957235953498,0.002086867243972783
IMG20200717083502.jpg,fully_ripe,train,0.06983291581358929,0.02589000482606824,0.6749902323472802,0.0036657396979652766
IMG20200717083511.jpg,fully_ripe,train,0.10707652695003297,0.06008610864821994,0.6850702798458796,0.018044827149360045
IMG20200717083519.jpg,fully_ripe,train,0.15388979277108786,0.0891419763648619,0.715758263393606,0.023762630587175003
IMG20200717083535.jpg,fully_ripe,train,0.03413666543889327,0.01092753382177516,0.5978905108551046,0.002042973714505791
IMG20200717083623.jpg,fully_ripe,train,0.12122973583800266,0.062121897133822886,0.6932549678066993,0.013530969450219263
IMG20200717083656.jpg,fully_ripe,train,0.11427635562235823,0.06159984912640973,0.6590171419430949,0.017002987681846576
IMG20200717083701.jpg,fully_ripe,train,0.1237469463385167,0.07143458849221386,0.6779230898757695,0.019101170920530063
IMG20200717083707.jpg,fully_ripe,train,0.05688094709990727,0.028345425550715023,0.6324282651561172,0.007540474606263236
IMG20200717083744.jpg,fully_ripe,train,0.07899127485464032,0.031755148928752565,0.6793304340597998,0.005689122288699857
IMG20200717083802.jpg,fully_ripe,train,0.08241902317058725,0.036972632798727936,0.668184766548418,0.007852716708651062
IMG20200717083842.jpg,fully_ripe,train,0.07176478243816142,0.02508567957978954,0.6891458071158612,0.003936922476205622
IMG20200717083846.jpg,fully_ripe,train,0.0560799497691913,0.02089786521535268,0.6574403516046732,0.002344077019648974
IMG20200717083900.jpg,fully_ripe,train,0.24895212759733812,0.1683190450091283,0.7320352755682874,0.05306984698209318
IMG20200717083943.jpg,fully_ripe,train,0.11724660296842294,0.05027331380394162,0.723793358331063,0.00879714549047009
IMG20200717083947.jpg,fully_ripe,train,0.11056309480039224,0.04788332721996909,0.7042738837451087,0.007798776132581137
IMG20200717084008.jpg,fully_ripe,train,0.08643747787351574,0.04058333005506251,0.6793356409483604,0.00948943869714934
IMG20200717084015.jpg,fully_ripe,train,0.08950457620285014,0.04205133306762782,0.6739753282861722,0.009789096697077308
IMG20200717084021.jpg,fully_ripe,train,0.1523860259056021,0.1041047496205153,0.675134114650039,0.028308940353760737
IMG20200717084028.jpg,fully_ripe,train,0.08890134529057378,0.04133713819770345,0.673848348953589,0.008836119037822707
IMG20200717084032.jpg,fully_ripe,train,0.0842519528918251,0.04043578254450578,0.6740850152595852,0.009486894801444478
IMG20200717084053.jpg,fully_ripe,train,0.060603148159366495,0.027370197133472482,0.629578607882899,0.0054996689519072675
IMG20200717084058.jpg,fully_ripe,train,0.10526865586498578,0.052306698827635695,0.6850772065042917,0.012763290345741172
IMG20200717084102.jpg,fully_ripe,train,0.11059848223429977,0.055751983442085616,0.6826923076864204,0.014039323904673688
IMG20200717084106.jpg,fully_ripe,train,0.12315389194988234,0.059421152700652784,0.701866753723887,0.014039063550154229
IMG20200717084113.jpg,fully_ripe,train,0.061496392831612214,0.02904157939619656,0.6388080831525986,0.005352571561502671
IMG20200717084205.jpg,fully_ripe,train,0.05658556347190876,0.020708719586055472,0.6596168052729832,0.0037413912255589285
IMG20200717084209.jpg,fully_ripe,train,0.10320334100596705,0.054036857509121405,0.675721012011942,0.014067398572273952
IMG20200717084214.jpg,fully_ripe,train,0.1319045166430316,0.06886910455376069,0.6937889569705394,0.01798459064277847
IMG20200717084220.jpg,fully_ripe,train,0.07905756854360556,0.028078991448160992,0.6946244379717158,0.003217843603949376
IMG20200717084242.jpg,fully_ripe,train,0.10404191616646659,0.049884845692654486,0.6838093044601128,0.008889912482624484
IMG20200717084253.jpg,fully_ripe,train,0.059455731125414406,0.019601203912470517,0.6629922247220593,0.0030223225482440145
IMG20200717084319.jpg,fully_ripe,train,0.09993572874986437,0.048276196596676375,0.6913161053964649,0.01375162193936976
IMG20200717084327.jpg,fully_ripe,train,0.09165766914141953,0.045737775291119935,0.6698450691312966,0.011785672472626468
IMG20200717084342.jpg,fully_ripe,train,0.061430447519330945,0.025891504192081107,0.6345489443314017,0.004273158904896725
IMG20200717084347.jpg,fully_ripe,train,0.06683955930707904,0.031837995916498024,0.650269455014344,0.0063915098676967435
IMG20200717084352.jpg,fully_ripe,train,0.07545433200210891,0.034073726226493795,0.6595538858825118,0.006161070673809241
IMG20200717084358.jpg,fully_ripe,train,0.08222051524381332,0.03773733553890198,0.6626290081081834,0.009582053100039569
IMG20200717084402.jpg,fully_ripe,train,0.10733902888536836,0.05342154266468207,0.6810053617984878,0.012969391860789867
IMG20200717084410.jpg,fully_ripe,train,0.08942427142853365,0.04681994990075128,0.657006700194927,0.011730444168261304
IMG20200717084423.jpg,fully_ripe,train,0.1555612611671402,0.08514943000836861,0.7110403615003488,0.02933141624700286
IMG20200717084433.jpg,fully_ripe,train,0.043708779043514084,0.012666340394641378,0.6674590412190047,0.0017362324919977601
IMG20200717084442.jpg,fully_ripe,train,0.0653967772668999,0.031111929307468686,0.6454452915116798,0.007493719137058243
IMG20200717084451.jpg,fully_ripe,train,0.07458763069620743,0.03323820913863379,0.6645392002384278,0.00831251258116171
IMG20200717084524.jpg,fully_ripe,train,0.10466450688957048,0.04734581128654935,0.6963754354179942,0.007007423806889543
IMG20200717084527.jpg,fully_ripe,train,0.12981072555068549,0.06119873816970349,0.7066035751765868,0.014584647739068512
IMG20200717084536.jpg,fully_ripe,train,0.1386389409966971,0.06440706707720574,0.7172850889667813,0.011245005458106845
IMG20200717084540.jpg,fully_ripe,train,0.11073548274767121,0.049383655455253785,0.7168510989769241,0.01018544687685952
IMG20200717084543.jpg,fully_ripe,train,0.11168772783581389,0.04704801555841863,0.7142228867904514,0.007427605281345691
IMG20200717084601.jpg,fully_ripe,train,0.15821887165864038,0.09728052390514406,0.6924241126179843,0.02522440199105986
IMG20200717084608.jpg,fully_ripe,train,0.19025020656140496,0.10879006800588134,0.7296349653531744,0.032679392385408366
IMG20200717084620.jpg,fully_ripe,train,0.07512056979127724,0.038901723641911426,0.6353522341275288,0.013052411928019543
IMG20200717084648.jpg,fully_ripe,train,0.18677163722808546,0.12174858859354899,0.7016833272833514,0.03533433469689404
IMG20200717084659.jpg,fully_ripe,train,0.12112782755742561,0.06462991678525787,0.6828636024587439,0.014145192409960285
IMG20200717084705.jpg,fully_ripe,train,0.1742630651045546,0.1009086089763551,0.7128203863657759,0.024607646123006085
IMG20200717084709.jpg,fully_ripe,train,0.21267190034720146,0.13916442547294602,0.7268431310555543,0.03808756437715086
IMG20200717084715.jpg,fully_ripe,train,0.08754802966571858,0.040289071574923056,0.6602850504796234,0.00822089178795214
IMG20200717084719.jpg,fully_ripe,train,0.06678987406985441,0.02884987321067553,0.654328018216204,0.007714789186318447
IMG20200717084723.jpg,fully_ripe,train,0.13433326291418055,0.07328122432606529,0.6894350163053138,0.01976386639415342
IMG20200717090609.jpg,fully_ripe,train,0.09542629064849276,0.05811686187190844,0.6489301838559324,0.016057056860353896
IMG20200717090617.jpg,fully_ripe,train,0.09160100917431394,0.05608253816042394,0.624927765005498,0.019337834218673446
IMG20200717090624.jpg,fully_ripe,train,0.08085117659422235,0.04238658045311657,0.6360504557897493,0.016416684333045148
IMG20200717090635.jpg,fully_ripe,train,0.07741729467266041,0.0325073444880252,0.6641716694256716,0.006884659598839129
IMG20200717090643.jpg,fully_ripe,train,0.1088920227146283,0.05005653593462088,0.6870831268731552,0.010341629505274466
IMG20200717090654.jpg,fully_ripe,train,0.12434124014918971,0.07071283676954657,0.6924903925475532,0.02042792632062438
IMG20200717090706.jpg,fully_ripe,train,0.15374248287112155,0.09166556058021845,0.6930867953739105,0.028016295191815484
IMG20200717090711.jpg,fully_ripe,train,0.14367793590682149,0.0824931973446891,0.6973259205538308,0.0236282129081727
IMG20200717090721.jpg,fully_ripe,train,0.17105314309984204,0.09656727442272901,0.7169167670886277,0.031372701473084665
IMG20200717090728.jpg,fully_ripe,train,0.11156926256272909,0.0625161456981647,0.6758043041881863,0.018202412415613118
IMG20200717090742.jpg,fully_ripe,train,0.14927011713341395,0.07550961547337245,0.7135826130577526,0.015602467366787285
IMG20200717090752.jpg,fully_ripe,train,0.1879314965925015,0.1020896681105917,0.7368922078694176,0.02571188273435326
IMG20200717090759.jpg,fully_ripe,train,0.1510596451779014,0.07497792405800978,0.7318876936588676,0.013727221642312283
IMG20200717090812.jpg,fully_ripe,train,0.11175624293380171,0.05057034220480351,0.6920563148628912,0.011242421128237156
IMG20200717090824.jpg,fully_ripe,train,0.10054258380211574,0.052081674258039674,0.6679195999037162,0.011796685035816937
IMG20200717090830.jpg,fully_ripe,train,0.08544629090194615,0.04203786191491737,0.6525719547642992,0.01061118725361261
IMG20200717090837.jpg,fully_ripe,train,0.06540537593298724,0.034305653998862595,0.6193882558135393,0.008701815604288734
IMG20200717090840.jpg,fully_ripe,train,0.1003671844369457,0.061668420074863665,0.6600552839422814,0.016162303772756542
IMG20200717090844.jpg,fully_ripe,train,0.14691185463311862,0.08879182318433833,0.7028566436559548,0.02445182143771773
IMG20200717090849.jpg,fully_ripe,train,0.16020074101507323,0.08691262668750944,0.7312050342011409,0.019740840210741403
IMG20200717090904.jpg,fully_ripe,train,0.11312658474625434,0.05529036165547422,0.6863765616428364,0.011641156724342325
IMG20200717090939.jpg,fully_ripe,train,0.14261399836040217,0.07745517429619136,0.7074087557958733,0.020260307636113042
IMG20200717090948.jpg,fully_ripe,train,0.0426904637047467,0.01596561540175326,0.6316858940685475,0.0028841111693489766
IMG20200717091002.jpg,fully_ripe,train,0.10992017352623995,0.054725590392930665,0.6855403675663622,0.014206571760635812
IMG20200717091035.jpg,fully_ripe,train,0.07447254101704776,0.036763561948316044,0.6506743576471001,0.010710738262937128
IMG20200717091047.jpg,fully_ripe,train,0.09956692325310462,0.05545826036118522,0.6754368101565942,0.014105540395415285
IMG20200717091112.jpg,fully_ripe,train,0.1379431569250393,0.09639254712003581,0.6546012601658429,0.02824576110727378
IMG20200717091115.jpg,fully_ripe,train,0.10842614264630746,0.06746572699828358,0.652357313708527,0.01972787365904823
IMG20200717091135.jpg,fully_ripe,train,0.09225341100031029,0.05205441964060309,0.6624281637215839,0.012686187888378298
IMG20200717091159.jpg,fully_ripe,train,0.1432107531321242,0.06925830596659607,0.732256442109876,0.016833821484405456
IMG20200717091212.jpg,fully_ripe,train,0.073794038807828,0.03620286419081577,0.6460449171750442,0.008885186727657438
IMG20200717091217.jpg,fully_ripe,train,0.08535828082125806,0.04826280374163201,0.6627915262624292,0.013579957855164967
IMG20200717091236.jpg,fully_ripe,train,0.24085927403106924,0.14867353895787408,0.7469191708397672,0.04545685821525144
IMG20200717091245.jpg,fully_ripe,train,0.15365028884127083,0.08440852639757243,0.7172460296620716,0.023016847486735204
IMG20200717091251.jpg,fully_ripe,train,0.12293756419367843,0.06527677615261177,0.6980593981435559,0.018815970628523176
IMG20200717091256.jpg,fully_ripe,train,0.12964374166370693,0.07664952054278434,0.6881099045247973,0.021760758662795445
IMG20200717091304.jpg,fully_ripe,train,0.13212504321070548,0.07718899698674317,0.6929922465238482,0.019092300854174606
IMG20200717091309.jpg,fully_ripe,train,0.1567188720335767,0.08601553828990406,0.7167139392370955,0.01993669585214025
IMG20200717091335.jpg,fully_ripe,train,0.1413385325311674,0.07145306514278413,0.721467271491065,0.015078330900143256
IMG20200717091351.jpg,fully_ripe,train,0.17418572095031093,0.09251516565475955,0.7398600093258063,0.024162389173829565
IMG20200717091402.jpg,fully_ripe,train,0.1449060088105332,0.07770205847147443,0.7211176570880183,0.015305559179669144
IMG20200717091414.jpg,fully_ripe,train,0.10303598779308461,0.052182895407998024,0.6863683316827189,0.011647649691751095
IMG20200717091422.jpg,fully_ripe,train,0.10914544642148007,0.06025911034449858,0.6779756206435896,0.016286935988049183
IMG20200717091428.jpg,fully_ripe,train,0.13380589937341872,0.07408263015740484,0.6943681151582525,0.02164238990319721
IMG20200717091432.jpg,fully_ripe,train,0.1394165911035737,0.07717230245176403,0.6933454231738799,0.02027998319193799
IMG20200717091452.jpg,fully_ripe,train,0.10318421088285772,0.0585018838659598,0.6647533290623546,0.016879990206383658
IMG20200717091524.jpg,fully_ripe,train,0.16589609607739592,0.09549147812634406,0.7224167646879543,0.026386343117850982
IMG20200717091549.jpg,fully_ripe,train,0.07382390336877127,0.03390019071810315,0.6449380165238006,0.006563890654747585
IMG20200717091600.jpg,fully_ripe,train,0.11312939417680942,0.04513496889490463,0.7271113464132056,0.006415596751664898
IMG20200717091605.jpg,fully_ripe,train,0.14050290992322143,0.06098485816729309,0.741072113289015,0.010259294289984754
IMG20200717091613.jpg,fully_ripe,train,0.13210988259324788,0.0614954975487983,0.7133331162111566,0.011455602416411918
IMG20200717091626.jpg,fully_ripe,train,0.1608224100059816,0.08360503027410669,0.7241832457189086,0.018530840375120344
IMG20200717091647.jpg,fully_ripe,train,0.10283363342718928,0.054670918289814505,0.6730105720512105,0.017301560157954178
IMG20200717091702.jpg,fully_ripe,train,0.15815984228235955,0.09370064923574105,0.6997409246131959,0.026413302643121982
IMG20200717091707.jpg,fully_ripe,train,0.15241069685582267,0.08632637126599331,0.7041284403601002,0.02422408744852407
IMG20200717091712.jpg,fully_ripe,train,0.16091964214322266,0.08308876337672266,0.7360949788466694,0.021341868898492312
IMG20200717091718.jpg,fully_ripe,train,0.13945825135017423,0.07582761848291442,0.6873197195678302,0.022426407381015624
IMG20200717091725.jpg,fully_ripe,train,0.07408279610968098,0.03655078351106777,0.6488377341394245,0.010499151236736245
IMG20200717091728.jpg,fully_ripe,train,0.1014947896475978,0.05254195811272568,0.6752554193703199,0.014254542488179799
IMG20200717091739.jpg,fully_ripe,train,0.057779824175676155,0.02247588045677247,0.6599064129537751,0.0028804248894100976
IMG20200717091745.jpg,fully_ripe,train,0.060403263176528374,0.021865873503153624,0.6612891058521517,0.004127466511438067
IMG20200717091748.jpg,fully_ripe,train,0.08933853573093312,0.03669302395132888,0.6885927051242638,0.0061001576832510375
IMG20200717091754.jpg,fully_ripe,train,0.11086670680768687,0.047458126988615235,0.6978998979970029,0.007385379161097296
IMG20200717091801.jpg,fully_ripe,train,0.06275876851499015,0.029365643437806822,0.6466082286904863,0.0059453300390795985
IMG20200717092037.jpg,fully_ripe,train,0.057422412991378,0.024807563940948473,0.632685824364537,0.0058132166183149005
IMG20200717092040.jpg,fully_ripe,train,0.07244378009140169,0.033802142261070124,0.6552561381431925,0.009282581945136287
IMG20200717092046.jpg,fully_ripe,train,0.09385456265355838,0.043603174324723624,0.6830054482010143,0.008969395441646643
IMG20200717092052.jpg,fully_ripe,train,0.10091727105227907,0.05488789394169187,0.6776110805585874,0.015072570017061832
IMG20200717092106.jpg,fully_ripe,train,0.09221830985834316,0.05007042253477051,0.6735211267546345,0.012667253521015253
IMG20200717092152.jpg,fully_ripe,train,0.1610050684764489,0.10377799345646528,0.6972812346394278,0.027535137855092623
IMG20200717092159.jpg,fully_ripe,train,0.12621128508269466,0.06329047078310023,0.7033770760079295,0.011353734850535294
IMG20200717092206.jpg,fully_ripe,train,0.08726471288912004,0.03442935430028081,0.6955444364939773,0.005408625208417815
IMG20200717092228.jpg,fully_ripe,train,0.1613476753468709,0.10299328194121392,0.6932552734758233,0.025589576215973617
IMG20200717092238.jpg,fully_ripe,train,0.16281482541305556,0.10630127838072051,0.6920792787553416,0.028286586528950983
IMG20200717092255.jpg,fully_ripe,train,0.07900943396122892,0.04576781970589927,0.6251834381469448,0.014295073375074751
IMG20200717092258.jpg,fully_ripe,train,0.06523525289305195,0.03127038979203898,0.6445349314825097,0.008578816364894774
IMG20200717092304.jpg,fully_ripe,train,0.07395514462330287,0.036671456237437734,0.6333229212140524,0.008196414068742471
IMG20200717092310.jpg,fully_ripe,train,0.06450172092083102,0.027994535088042952,0.6408528414828716,0.005845878983659837
IMG20200717092316.jpg,fully_ripe,train,0.07932256793909254,0.044728895890183425,0.6203886044292979,0.01529473545995412
IMG20200717092323.jpg,fully_ripe,train,0.09940376250843586,0.06262476699061852,0.6331883502249681,0.02198543118121144
IMG20200717092329.jpg,fully_ripe,train,0.07691830069322193,0.04057024352030288,0.6432252536336481,0.012269176797691841
IMG20200717092335.jpg,fully_ripe,train,0.06828044561142946,0.033218799414649815,0.6249747351576529,0.008096636507292958
IMG20200717092348.jpg,fully_ripe,train,0.10530750953051186,0.06042437973061248,0.6510333204308583,0.013745372160941795
IMG20200717092355.jpg,fully_ripe,train,0.05664219002382017,0.021109461820101812,0.6594637907620232,0.0029818592614580656
IMG20200717092414.jpg,fully_ripe,train,0.14380934988878963,0.07658418553601416,0.7121416179611928,0.020350164353310468
IMG20200717092418.jpg,fully_ripe,train,0.1719184713979248,0.10251130639283118,0.6970131509517348,0.033606647791624
IMG20200717092424.jpg,fully_ripe,train,0.09996363979018863,0.05335523923598644,0.6822656449805101,0.011769934147463945
IMG20200717092429.jpg,fully_ripe,train,0.09118092603449673,0.03871435157691215,0.7058815780714499,0.005176842521172669
IMG20200717092448.jpg,fully_ripe,train,0.23726490045345508,0.15529292026965394,0.7347152841889031,0.05126234564642626
IMG20200717092454.jpg,fully_ripe,train,0.13149379130069305,0.07478703288490238,0.6740092399396284,0.01926938146923654
IMG20200717092458.jpg,fully_ripe,train,0.10462102028660314,0.052175392591032446,0.6788005564773474,0.012961276310260315
IMG20200717092504.jpg,fully_ripe,train,0.1949875614198998,0.11045662945259507,0.7355928370162258,0.028762926869088976
IMG20200717092509.jpg,fully_ripe,train,0.16129681257569725,0.08897383573238896,0.731488134579451,0.024114045928547757
IMG20200717092518.jpg,fully_ripe,train,0.16776763058822772,0.09698831943195628,0.7158870700007935,0.026069826450691416
IMG20200717092542.jpg,fully_ripe,train,0.13390485826181228,0.06941408155459526,0.6980794594238552,0.014896384758397656
IMG20200717092548.jpg,fully_ripe,train,0.1152413605969657,0.053608281327926395,0.6977956471991499,0.009907665490820753
IMG20200717092555.jpg,fully_ripe,train,0.1161375255843743,0.049619938143696564,0.7179427066831561,0.01017105037726508
IMG20200717092609.jpg,fully_ripe,train,0.16948018766972195,0.11082826218134596,0.7006085381084164,0.03448692339820238
IMG20200717092613.jpg,fully_ripe,train,0.13785918363507618,0.07381121362601399,0.7058106312832724,0.020181616348927393
IMG20200717092630.jpg,fully_ripe,train,0.07436478213008943,0.02965845125664755,0.6737458231406143,0.006301720077971994
IMG20200717092703.jpg,fully_ripe,train,0.09648715054013672,0.03927883657569915,0.6928414901311194,0.005046815857570813
IMG20200717092708.jpg,fully_ripe,train,0.07952488188193221,0.03374619154817696,0.6659491323280573,0.007716253808366272
IMG20200717092723.jpg,fully_ripe,train,0.1470054229658257,0.07033135048531582,0.7346209895036359,0.017797845146589768
IMG20200717092728.jpg,fully_ripe,train,0.12356634394689076,0.059306245085892224,0.7128057120011114,0.01334309745077546
IMG20200717092746.jpg,fully_ripe,train,0.13476859884405926,0.06572005240530057,0.7124747707150069,0.017917212563083023
IMG20200717092801.jpg,fully_ripe,train,0.12370071785905817,0.05670418261218887,0.7145542244988049,0.013055096356200831
IMG20200717092805.jpg,fully_ripe,train,0.13352402995683643,0.06081184356987563,0.7275039849692393,0.012566325305013797
IMG20200717092809.jpg,fully_ripe,train,0.1433899803854185,0.0684412801697321,0.7294432414578271,0.016835398550944538
IMG20200717092830.jpg,fully_ripe,train,0.05727813324784293,0.025480912423865573,0.6351125124463616,0.0053817001652984925
IMG20200717092838.jpg,fully_ripe,train,0.08982937775350919,0.036944567985718026,0.6744834835980827,0.008521004326117729
IMG20200717092844.jpg,fully_ripe,train,0.17094743346943972,0.10619520296525632,0.714524352084561,0.030599436097190152
IMG20200717092856.jpg,fully_ripe,train,0.06865244938892122,0.03360183897355894,0.6347454025591607,0.008084144645262671
IMG20200717092859.jpg,fully_ripe,train,0.0512140771471952,0.022370139849178097,0.6352677885293216,0.005129091747299744
IMG20200717092916.jpg,fully_ripe,train,0.11890517962742522,0.061250426210581924,0.6889743033312775,0.016046206461712842
IMG20200717092923.jpg,fully_ripe,train,0.13181583517030257,0.07294316421764732,0.7059557891706392,0.01978692448472533
IMG20200717092937.jpg,fully_ripe,train,0.12497129683094091,0.06126404158917947,0.6900333415935078,0.015017497451020755
IMG20200717092941.jpg,fully_ripe,train,0.1260165399769304,0.06844128897693606,0.6850619019924178,0.016530144650895046
IMG20200717092951.jpg,fully_ripe,train,0.09969785456361584,0.05380824917818664,0.6577949466616195,0.014681429208595111
IMG20200717093009.jpg,fully_ripe,train,0.16967754033942942,0.11450845217475414,0.6788709000412664,0.037237795022126235
IMG20200717093015.jpg,fully_ripe,train,0.20213055821502351,0.13743155230030474,0.7040862067388213,0.044729417348186924
IMG20200717093036.jpg,fully_ripe,train,0.15071948289442694,0.08511529681268552,0.7126172419333903,0.02223001222631666
IMG20200717093050.jpg,fully_ripe,train,0.12633331474491702,0.07938948324281751,0.6799486987431198,0.026383500752579933
IMG20200717093116.jpg,fully_ripe,train,0.11293109406205454,0.052407610358575406,0.7111854901542097,0.01357582220102509
image_0_1014.jpg,overripe,train,0.3302379609919893,0.21579522990974875,0.7721199111414918,0.06674184322924046
image_0_107.jpg,overripe,train,0.2223727119684624,0.13499368819515314,0.7386124552816825,0.028219019566218456
image_0_1113.jpg,overripe,train,0.2508933862458842,0.15758615116492553,0.7508574712163445,0.041077809901403584
image_0_1156.jpg,overripe,train,0.27529374654798305,0.18615537919875721,0.7405925830287216,0.04986701650966824
image_0_116.jpg,overripe,train,0.146198692695629,0.09058949783487269,0.4561804254273088,0.028120826366670407
image_0_1338.jpg,overripe,train,0.25216820544378993,0.18616885216537643,0.6067065960713772,0.05082070859390817
image_0_1358.jpg,overripe,train,0.22845828091297857,0.1262824033867296,0.7445735953297964,0.028846324219671083
image_0_1390.jpg,overripe,train,0.3413916575891889,0.22146955356163134,0.784571572150258,0.07088114582386632
image_0_1450.jpg,overripe,train,0.1441930116456551,0.07816971713723606,0.6852579034865751,0.01669439822499507
image_0_1519.jpg,overripe,train,0.3443003178378846,0.23055211260408962,0.7638519027481212,0.07623301876279366
image_0_1524.jpg,overripe,train,0.29557658116186825,0.18697901310508655,0.7579225745284166,0.05567914801562019
image_0_1538.jpg,overripe,train,0.18555379373009048,0.10017374582419475,0.7246128673060575,0.027554738368918436
image_0_1542.jpg,overripe,train,0.1858475940073577,0.11402448729293367,0.629077040063729,0.030617959313420744
image_0_1550.jpg,overripe,train,0.31403199764924383,0.202957581093476,0.7641274034877137,0.06376779685847814
image_0_156.jpg,overripe,train,0.34616573328668815,0.2540271235875457,0.7541260245475025,0.07089344657449781
image_0_1585.jpg,overripe,train,0.27367121401981875,0.16851192162724657,0.7610310488527605,0.048364571104234665
image_0_1589.jpg,overripe,train,0.24012154222154827,0.151612577853196,0.7396046095173664,0.036891343268062496
image_0_1592.jpg,overripe,train,0.14493547468126317,0.07737560526634632,0.6853377445642588,0.01775815604371335
image_0_1787.jpg,overripe,train,0.20062488998239197,0.11332511881611226,0.742140468220893,0.03263509945403419
image_0_1788.jpg,overripe,train,0.12342130476367667,0.055035856342043166,0.6902708823233151,0.009186191678952552
image_0_1796.jpg,overripe,train,0.28347394026979733,0.16891810292627266,0.7638148473960646,0.04534789434600221
image_0_1830.jpg,overripe,train,0.2865368613714258,0.1777444943675848,0.7637099905612281,0.05368613745988034
image_0_1839.jpg,overripe,train,0.3060199155076492,0.23191762220706155,0.7336828605858955,0.06274140012022675
image_0_1856.jpg,overripe,train,0.29523886118442944,0.1863081514826166,0.7551248369099501,0.051257305237866986
image_0_1863.jpg,overripe,train,0.2531407537783754,0.1656897655420732,0.7391774025692249,0.04648115547684963
image_0_1886.jpg,overripe,train,0.2429112895926098,0.1521162349954687,0.7481815720535315,0.039824925547876325
image_0_1895.jpg,overripe,train,0.18530879217571733,0.10127133305687769,0.7242691788156816,0.02602940027429062
image_0_1912.jpg,overripe,train,0.14526818742133535,0.07900299453849963,0.6827549762123178,0.014532323410091903
image_0_1934.jpg,overripe,train,0.33105351733200233,0.2147223157171678,0.7735442611863107,0.06544597778481692
image_0_1952.jpg,overripe,train,0.38196137715324835,0.2613381449300042,0.7852945479276152,0.09444796644769278
image_0_2070.jpg,overripe,train,0.2290741654298923,0.12635481604212295,0.7260020032481799,0.024368001674001466
image_0_2095.jpg,overripe,train,0.215711124139674,0.1468496415519431,0.690468534239786,0.03345186978612885
image_0_2116.jpg,overripe,train,0.2659143464107372,0.20048504446146675,0.6426134120403705,0.05358989302676397
image_0_214.jpg,overripe,train,0.12597781943986752,0.05618604869816345,0.6963955121646533,0.010120541407765426
image_0_2154.jpg,overripe,train,0.3371572231341408,0.22098280305677756,0.7819326488276722,0.07226306671660686
image_0_2156.jpg,overripe,train,0.27219486633938095,0.16785722541886974,0.756779249595389,0.045310585569616396
image_0_216.jpg,overripe,train,0.33689491777100933,0.25891733463752997,0.7390977507053703,0.07166808848435577
image_0_2168.jpg,overripe,train,0.18851062025532278,0.10243778352395441,0.7250688938760753,0.02836308135813488
image_0_2178.jpg,overripe,train,0.2295617119621109,0.15995158127575693,0.6117464699211731,0.04897192371285631
image_0_2198.jpg,overripe,train,0.17719675428008605,0.11168596989927616,0.6949996532256745,0.02754698661450105
image_0_220.jpg,overripe,train,0.3305658035818451,0.2129266795698778,0.7743058131561689,0.06728402139338299
image_0_2210.jpg,overripe,train,0.15964869223663808,0.08392936446670447,0.6789554262167277,0.01931842086798893
image_0_2216.jpg,overripe,train,0.14327067550595615,0.07966545133556961,0.6305359713330958,0.02105113845302212
image_0_2273.jpg,overripe,train,0.20628502430288068,0.10026316604167149,0.7681104678115848,0.019009876466645963
image_0_2351.jpg,overripe,train,0.2770337997646743,0.17155486949028154,0.7592518343214061,0.05043903612475002
image_0_2402.jpg,overripe,train,0.3803352550702445,0.26151833728669255,0.7862264425077974,0.08988178867194078
image_0_2415.jpg,overripe,train,0.21558510252016932,0.14835768883649303,0.603568798677628,0.041262614214826625
image_0_2457.jpg,overripe,train,0.25362342389047604,0.1681831968447063,0.6234563889216199,0.05489839247771297
image_0_2528.jpg,overripe,train,0.25164940166405464,0.16641135698276324,0.616170961427428,0.053220693734279644
image_0_2537.jpg,overripe,train,0.16647119813653402,0.11096833409783295,0.5321571227014357,0.030921421651009053
image_0_2554.jpg,overripe,train,0.15087076501982027,0.07443823481611175,0.7079130239801814,0.016124419296615695
image_0_26.jpg,overripe,train,0.2702437346347546,0.18130675017965622,0.7344790270628258,0.04595913628610362
image_0_2600.jpg,overripe,train,0.19415186604825183,0.12423047589551804,0.6310272118645985,0.03597509608129178
image_0_2670.jpg,overripe,train,0.24773936785369302,0.1400990328091064,0.7673469387684081,0.0349946781430423
image_0_2678.jpg,overripe,train,0.2723407270895822,0.16743776385021375,0.7631229942115764,0.04955607074471227
image_0_2722.jpg,overripe,train,0.3370694830012656,0.22043595707754526,0.7757559840851678,0.07413521422606237
image_0_2777.jpg,overripe,train,0.29107384672112513,0.21889149381547032,0.6850522874606424,0.05944007969850779
image_0_281.jpg,overripe,train,0.14663172388301693,0.08733818915125206,0.5920907829848844,0.0274611372441228
image_0_2832.jpg,overripe,train,0.1314553376319008,0.06340525193233713,0.7069567834106563,0.013803660913870343
image_0_2839.jpg,overripe,train,0.24691259101724833,0.16339980568941218,0.7340271030865674,0.04554241243531673
image_0_2858.jpg,overripe,train,0.19564324613699097,0.11114186233272796,0.7267386840395792,0.024426390500630068
image_0_2876.jpg,overripe,train,0.22655516024847824,0.1262301898977925,0.7301051918136717,0.021562013891765437
image_0_2886.jpg,overripe,train,0.13075338917572235,0.06515559261563438,0.7004257792176727,0.017865039355925344
image_0_2893.jpg,overripe,train,0.19602986447581447,0.10937334135284162,0.7311400870392843,0.021982590849386235
image_0_2965.jpg,overripe,train,0.1229326592112842,0.05428450774263286,0.6851799360162137,0.008833380575767304
image_0_299.jpg,overripe,train,0.2564902364576425,0.15993716458848867,0.7432993100074914,0.04203057589072929
image_0_301.jpg,overripe,train,0.18417038504591546,0.11761016151627854,0.7029523714385084,0.02720002280885569
image_0_3066.jpg,overripe,train,0.2629888659927935,0.15773334493980545,0.7573541503355935,0.04696402487935456
image_0_3069.jpg,overripe,train,0.15152351586748333,0.09587109022574739,0.4659985996833605,0.0287131912371625
image_0_3083.jpg,overripe,train,0.44272011043673726,0.3107371527823443,0.79445647774743,0.12311665436742061
image_0_3102.jpg,overripe,train,0.3359107653726283,0.21860799969876202,0.7743796398379268,0.07167567365342413
image_0_3153.jpg,overripe,train,0.22993976877445693,0.13313525749723973,0.7471400274805245,0.03392553965524774
image_0_3157.jpg,overripe,train,0.2645303944951534,0.17693855585090001,0.6461111891019343,0.056278955495950446
image_0_3178.jpg,overripe,train,0.2513388218342725,0.16641355606899516,0.739659099984617,0.04642914235426396
image_0_3180.jpg,overripe,train,0.23077653144011687,0.15871113931915606,0.6254130013072171,0.054056458835979565
image_0_3190.jpg,overripe,train,0.23019049143384213,0.1286839905365359,0.7483769987305162,0.029569749034829434
image_0_3193.jpg,overripe,train,0.2437879326873657,0.1836615892102257,0.6146254433307751,0.049637247609231924
image_0_3295.jpg,overripe,train,0.15284898535479655,0.07592945077152911,0.7074417462261119,0.016524422067229573
image_0_3299.jpg,overripe,train,0.2921498317394809,0.1810448502214261,0.7621228002343232,0.05244110994591007
image_0_3315.jpg,overripe,train,0.25112937790895423,0.1671680534438011,0.7405097040905061,0.046644062339179164
image_0_3328.jpg,overripe,train,0.1318449714132054,0.06599189772371504,0.6955588929326507,0.018362633617901202
image_0_334.jpg,overripe,train,0.2539573584663283,0.16925188973665672,0.7421166740547784,0.04774780053701419
image_0_3342.jpg,overripe,train,0.2678523727023253,0.20159587760168898,0.711992348053736,0.053666985497042914
image_0_3436.jpg,overripe,train,0.1976357095538307,0.11178028743658136,0.7253235015058676,0.02378608630265257
image_0_3503.jpg,overripe,train,0.2282913089682225,0.16356317683598592,0.6182194907401528,0.03839658121482123
image_0_3513.jpg,overripe,train,0.255362486217068,0.15635466428519762,0.7514620189957325,0.04532521392151478
image_0_3601.jpg,overripe,train,0.1801244826237255,0.10346445364113281,0.6942981953074607,0.030067662666367095
image_0_3615.jpg,overripe,train,0.18349383796826893,0.11613239948778997,0.5365613846032171,0.03418412014265545
image_0_3622.jpg,overripe,train,0.1909270393952174,0.10990756528663818,0.7170510634414695,0.031095755182346804
image_0_3660.jpg,overripe,train,0.24109432886563628,0.1518703458169444,0.7473081640905088,0.0372210588915804
image_0_3687.jpg,overripe,train,0.1812436837167077,0.09548297962037734,0.7280065497341981,0.017500095943284593
image_0_3715.jpg,overripe,train,0.43015113660071314,0.30441309924930915,0.7742586015575893,0.11766023953171562
image_0_3759.jpg,overripe,train,0.23508240196772634,0.1424512218208946,0.7410095612133378,0.029511171373869542
image_0_3761.jpg,overripe,train,0.20410715229042334,0.1148928300946222,0.7468870533053868,0.0348544356184958
image_0_3763.jpg,overripe,train,0.2739879982663787,0.2030086816643484,0.6473666302319543,0.054337739467271884
image_0_3797.jpg,overripe,train,0.16054418272926044,0.08267440889446712,0.6986311928682089,0.020220576427611103
image_0_3799.jpg,overripe,train,0.34697458152295735,0.2532238065700358,0.7533292002433147,0.0711035337875319
image_0_3857.jpg,overripe,train,0.18535300551120118,0.10352447489895847,0.7208767661355676,0.02485435592927776
image_0_387 (2).jpg,overripe,train,0.13160826877277115,0.06307758857914092,0.7070274096411312,0.01219080577277661
image_0_3891.jpg,overripe,train,0.25717599938436686,0.19200927982630955,0.7149297994034326,0.055941607116841124
image_0_3905.jpg,overripe,train,0.12769688190735057,0.06152321414879516,0.6946202129463722,0.013989479301491838
image_0_3939.jpg,overripe,train,0.2699285987487573,0.16141144969934074,0.7498342470945439,0.042228739002663336
image_0_3989.jpg,overripe,train,0.2801958742561551,0.2097261700379381,0.6678186474507201,0.05558213491652502
image_0_4051.jpg,overripe,train,0.23681809709496054,0.14434122367156496,0.7442293920801242,0.03256849684583361
image_0_4057.jpg,overripe,train,0.21453721793788205,0.1274019365767718,0.7408806921791777,0.03429804409865064
image_0_410.jpg,overripe,train,0.24630386913814026,0.1548914753047513,0.7508147216011223,0.0374079899334708
image_0_4103.jpg,overripe,train,0.2502381148993848,0.17147025628226129,0.6277589671559569,0.04718804195200711
image_0_4106.jpg,overripe,train,0.2663359799827446,0.2010789304498056,0.7169327796730465,0.05356429278755352
image_0_4135.jpg,overripe,train,0.14789937479738904,0.09377694836661307,0.4693125471580612,0.028572006036337944
image_0_4152.jpg,overripe,train,0.1524911199607378,0.09614996501770576,0.47570771217750757,0.03144004628373258
image_0_4156.jpg,overripe,train,0.33780462184519117,0.21931722688845257,0.7844957983110873,0.07032563025136213
image_0_4231.jpg,overripe,train,0.2940962380442027,0.18108325704821737,0.7628900089249828,0.05243131762027075
image_0_4254 (2).jpg,overripe,train,0.24181066563625447,0.1517974837903477,0.7461732291870642,0.038146650286161335
image_0_4254.jpg,overripe,train,0.20616691488661168,0.13381322742493346,0.6337194550133283,0.0340118042912791
image_0_4324.jpg,overripe,train,0.23037702102463606,0.12747706462722813,0.7446009556709355,0.02727329352802277
image_0_438.jpg,overripe,train,0.17850292316852737,0.09952563086386267,0.709463262227244,0.02980600254953533
image_0_4405 (2).jpg,overripe,train,0.18712322769518808,0.10293671909117523,0.7266022294755784,0.029417707877029794
image_0_4408.jpg,overripe,train,0.18248861594817942,0.13376723617774366,0.488113736023189,0.03691769440509049
image_0_4427.jpg,overripe,train,0.192464470090133,0.12359724132370788,0.6182004823665102,0.03415455759515759
image_0_4460.jpg,overripe,train,0.20099517490774682,0.11209465692088187,0.7416004399281416,0.03284431987482399
image_0_4463.jpg,overripe,train,0.24329141085865594,0.15990939977254628,0.5925612445574742,0.05314418549172591
image_0_4520.jpg,overripe,train,0.2507732721267828,0.15685096692496034,0.7487874196402264,0.04027290902697467
image_0_4526.jpg,overripe,train,0.24844160269138282,0.1645086288091589,0.7322763624628463,0.04479765889594519
image_0_4570.jpg,overripe,train,0.25310151530237346,0.1857224213583815,0.6118332160809139,0.05102006632915134
image_0_4602.jpg,overripe,train,0.25585452007919574,0.19193449914753027,0.7190157428729775,0.057651214512476005
image_0_4675.jpg,overripe,train,0.23855271938058836,0.15524188413321968,0.6402683469732505,0.04551914544607072
image_0_4687.jpg,overripe,train,0.21424994093820696,0.14832978974582256,0.6858209307754707,0.03294117647027696
image_0_4698.jpg,overripe,train,0.18850882547810854,0.13231983090701693,0.6000932107113547,0.03119933308369141
image_0_4706.jpg,overripe,train,0.17689391177413857,0.1011447320444685,0.7231498359407718,0.031549398468599714
image_0_4710.jpg,overripe,train,0.26675757487580626,0.1572035086686086,0.7580390905237083,0.0477751665840004
image_0_4725.jpg,overripe,train,0.276775850440632,0.18606436247158448,0.7386404395992866,0.04792034318965896
image_0_4730.jpg,overripe,train,0.2650982434792266,0.15701594466960853,0.758524563274604,0.049078334345679334
image_0_474.jpg,overripe,train,0.2119696265565426,0.1304900611145822,0.6112129209860355,0.03687076380774211
image_0_4756.jpg,overripe,train,0.3120621613604503,0.2016564819944039,0.7614406198766192,0.061526474131454206
image_0_4783.jpg,overripe,train,0.33189310180877774,0.2158108933038336,0.7710642338684727,0.06503425354361368
image_0_4892.jpg,overripe,train,0.23075946737918698,0.16113585489026183,0.6419876306703782,0.05277155978092463
image_0_4937.jpg,overripe,train,0.1820290889599354,0.09501714489547328,0.7264209868739383,0.016239850093484432
image_0_4949.jpg,overripe,train,0.24094972654479938,0.1570835086234903,0.6561106436650394,0.049069204879842926
image_0_4953.jpg,overripe,train,0.23323112079986222,0.1600869778115631,0.6180146673004348,0.04994228683994251
image_0_4967.jpg,overripe,train,0.23263867027273438,0.12806144934634417,0.7479380469566842,0.0242869734932902
image_0_497.jpg,overripe,train,0.3330159308985662,0.21679261465172314,0.7704099893922053,0.06653970569321002
image_0_501.jpg,overripe,train,0.18441948576721698,0.10042444750014409,0.7234424970615791,0.025745314622547654
image_0_5013.jpg,overripe,train,0.23265393082641603,0.1370336928166929,0.747339373210635,0.03697992228598842
image_0_5022.jpg,overripe,train,0.26830173053133854,0.20081436877619685,0.7094497834615034,0.0549095049944365
image_0_506.jpg,overripe,train,0.22676476926043215,0.12672782686133166,0.7318905273415034,0.02156512637346358
image_0_5084.jpg,overripe,train,0.2859423849901079,0.1757481018292123,0.7652970075841303,0.053338543992258396
image_0_5085.jpg,overripe,train,0.260661979640973,0.16421322460114665,0.7493291759676405,0.04141869912574451
image_0_5146.jpg,overripe,train,0.1672945118540309,0.11277182650450061,0.5302127227478627,0.03266148821298451
image_0_5180.jpg,overripe,train,0.23454780373700573,0.15256522083823848,0.6510562674012367,0.04322556871431931
image_0_5209.jpg,overripe,train,0.15007133105163395,0.0748362453782476,0.7056865422026286,0.014396600653374062
image_0_5228.jpg,overripe,train,0.2669555663104061,0.16232164672673383,0.7532597253858788,0.04406487948394483
image_0_5238.jpg,overripe,train,0.2874245702900422,0.18310726412111764,0.7545081895044554,0.048213437483082516
image_0_5323.jpg,overripe,train,0.18329394961487197,0.11643839593051179,0.6096947810249267,0.03213014625178022
image_0_5363.jpg,overripe,train,0.25372376545987013,0.17420304755266453,0.6545894179651163,0.05908522615451589
image_0_5376.jpg,overripe,train,0.3412407401466565,0.22055713207473185,0.7823762607660579,0.07422759302283766
image_0_538.jpg,overripe,train,0.2770668991921292,0.17091841907640057,0.7619086244929136,0.05264331920535515
image_0_5431.jpg,overripe,train,0.18449414506704598,0.1014928686375327,0.7235029690801543,0.02615017481518231
image_0_5507.jpg,overripe,train,0.13328885574698418,0.06674254019247358,0.7027196734730098,0.01421974543105033
image_0_5556.jpg,overripe,train,0.33565596361593353,0.25706263349878505,0.7442120857098445,0.0706693998478031
image_0_5560.jpg,overripe,train,0.34364784820282096,0.22793521271870704,0.7650846707699624,0.07404084842733502
image_0_557.jpg,overripe,train,0.24823279815221347,0.13984750646068755,0.7649320449442284,0.038493964183117374
image_0_561.jpg,overripe,train,0.12971267862407884,0.06454596128427402,0.6896599776947191,0.015797608188712408
image_0_5612.jpg,overripe,train,0.23460717552358365,0.14651895517688263,0.7333062303005051,0.04248399227520598
image_0_5640.jpg,overripe,train,0.12404490382135037,0.058532616295326134,0.6913180009320046,0.016743582897685603
image_0_568.jpg,overripe,train,0.24879383557476187,0.16497009354714096,0.6240729535332233,0.053156911147833955
image_0_5787.jpg,overripe,train,0.16752076338329033,0.09838310655447985,0.6969429227676129,0.02537256287881586
image_0_5789.jpg,overripe,train,0.13892542310091496,0.07519646952602532,0.6792139044915791,0.014391460776591144
image_0_5799.jpg,overripe,train,0.29539205588379036,0.20660964578203744,0.7504724374121134,0.0621736599340632
image_0_5818.jpg,overripe,train,0.149298259067802,0.07347956131548831,0.7075159137916442,0.016826443745556974
image_0_5862.jpg,overripe,train,0.2574722740720603,0.19192928516315003,0.7130119688073678,0.05626441199015852
image_0_5906.jpg,overripe,train,0.20536265527248312,0.10306719679881049,0.7661015484110457,0.021590151384056563
image_0_5915.jpg,overripe,train,0.1483764249726239,0.07088522241112076,0.7131192447825072,0.014823945887700193
image_0_5970.jpg,overripe,train,0.18072169058753815,0.11498917748754003,0.6989205969369601,0.023894964684098102
image_0_5976.jpg,overripe,train,0.1474160489564381,0.07002783598588364,0.7129244466611108,0.015575641947731153
image_0_6013.jpg,overripe,train,0.207004991041287,0.13541010370994203,0.5810428046229815,0.0408432725019266
image_0_6016.jpg,overripe,train,0.18957328105913787,0.11616656614248887,0.7149050060223802,0.027857358262617395
image_0_6036.jpg,overripe,train,0.140774029817693,0.06417468541753014,0.7101829332694282,0.012805329385504861
image_0_604.jpg,overripe,train,0.17814859051012735,0.09774226839874135,0.715122279291776,0.030729269338790437
image_0_6060.jpg,overripe,train,0.18463057846200584,0.10118258784913199,0.7244595632551599,0.02590551114615718
image_0_6148.jpg,overripe,train,0.24861020657905744,0.1635814207926455,0.6327089900193674,0.05205929090550416
image_0_6160.jpg,overripe,train,0.30253539033028914,0.20551249765526913,0.7596309788614816,0.06407341303746385
image_0_6236.jpg,overripe,train,0.28894239187279863,0.17228156189658309,0.7706268604380089,0.0495272281557562
image_0_6249.jpg,overripe,train,0.24812736553588158,0.16318709452560884,0.6368699159062449,0.049139828651707726
image_0_6277.jpg,overripe,train,0.1843243484250293,0.10152052259490424,0.7250685572790553,0.023610460838476687
image_0_6280.jpg,overripe,train,0.265596427062728,0.17540558915825358,0.6542117972484749,0.05722792704050483
image_0_6304.jpg,overripe,train,0.29438662882238864,0.20735685002384396,0.6794927242389535,0.058557462719923604
image_0_6337.jpg,overripe,train,0.3363801004979434,0.2568212157004292,0.7459931468931819,0.06793582232896637
image_0_6339.jpg,overripe,train,0.27281555853279976,0.20326749449835224,0.6415164006947648,0.054712829720772294
image_0_6382.jpg,overripe,train,0.25046016695105355,0.16335180634022156,0.7358591938796715,0.04720069248861074
image_0_6383.jpg,overripe,train,0.28890024268498404,0.201098480008506,0.7378805296484193,0.05965853450794347
image_0_6414.jpg,overripe,train,0.22963582670876978,0.1610216581018972,0.5977736294298108,0.05064587222374434
image_0_6449.jpg,overripe,train,0.13469952386935724,0.08113498906102674,0.6778514133672431,0.01829451379039276
IMG20200713141551.jpg,unripe,test,0.1776659440963181,0.09656318337554252,0.726133748405484,0.023500988359099105
IMG20200713141858.jpg,unripe,test,0.1860501369584811,0.10391133611877343,0.7386776135524294,0.028884055496367154
IMG20200713142120.jpg,unripe,test,0.18216573121277166,0.09032130318492775,0.7341842524066576,0.01746262632403367
IMG20200713142151.jpg,unripe,test,0.12533632286895152,0.054620435617756084,0.7143898142159322,0.007695387572007564
IMG20200713142827.jpg,unripe,test,0.14237176470454238,0.07174588235226592,0.7340235294048563,0.016574117646902833
IMG20200713143213.jpg,unripe,test,0.11033285669414093,0.05190515151707177,0.6988614205808448,0.012502198398705413
IMG20200713143248.jpg,unripe,test,0.17156657062508449,0.08593247363482492,0.7326265536496813,0.020513394313868796
IMG20200713143640.jpg,unripe,test,0.15864089505713433,0.08838507973250109,0.7235582122350556,0.02195371335291156
IMG20200713143728.jpg,unripe,test,0.16320270022975905,0.07968508388274874,0.7357298438659884,0.01553796784317761
IMG20200713143800.jpg,unripe,test,0.0916632518317929,0.03481309474994479,0.6849883895580295,0.0040158448299046955
IMG20200713144046.jpg,unripe,test,0.13530016980371815,0.06000050188575396,0.6881780692378173,0.011451371404098309
IMG20200713144053.jpg,unripe,test,0.13094540046627623,0.05980029742885235,0.7015763756048305,0.007971106862052508
IMG20200713144100.jpg,unripe,test,0.11457357611116512,0.04859381782421699,0.6989711605042991,0.006853853007646966
IMG20200713144130.jpg,unripe,test,0.12269682661554084,0.05320083452231031,0.7039310420478322,0.008180520478662781
IMG20200713144243.jpg,unripe,test,0.12290588864823061,0.05604839363571749,0.6901607174657388,0.00960088224315531
IMG20200713144314.jpg,unripe,test,0.11813327774654353,0.04750986114190817,0.7022656575641996,0.0066221979924428204
IMG20200713144349.jpg,unripe,test,0.10968787310157183,0.044439706634449606,0.6934078116945812,0.007282960941435418
IMG20200713144359.jpg,unripe,test,0.12067589026327895,0.05249028363832774,0.6968846231394429,0.008939929638551891
IMG20200713144452.jpg,unripe,test,0.16124879759971955,0.07563090590112297,0.7263693204271603,0.0119744808464043
IMG20200713144539.jpg,unripe,test,0.14166477463006213,0.06507519487890895,0.7007232979717306,0.014714627052698966
IMG20200713144615.jpg,unripe,test,0.15050134463525175,0.07728543696167978,0.712790966885316,0.019439348875140792
IMG20200713144744.jpg,unripe,test,0.12772745639329477,0.056737827462651214,0.7325998383667873,0.007003838642273858
IMG20200713144751.jpg,unripe,test,0.152941569783171,0.07348282865367721,0.7393749947701207,0.01345625047002051
IMG20200713145049.jpg,unripe,test,0.16495813293831116,0.08182758818829804,0.7371955776050778,0.017561171894292273
IMG20200713145117.jpg,unripe,test,0.08035745823107311,0.034597859488938947,0.6722828582470394,0.008088728762600327
IMG20200713145155.jpg,unripe,test,0.14034916704708833,0.05925702086951313,0.7366332966093498,0.006384824587848511
IMG20200713145321.jpg,unripe,test,0.1780947959297844,0.08744354872673411,0.7400329211096947,0.018511796733056078
IMG20200713145327.jpg,unripe,test,0.15075715271038698,0.06572118385124888,0.7370988404498809,0.009443878724095491
IMG20200713145347.jpg,unripe,test,0.12467762881015605,0.05522835768976252,0.7150787408710417,0.010800577981720405
IMG20200713145359.jpg,unripe,test,0.1514343073820974,0.0762346642866274,0.7299397724672769,0.020334597367652602
IMG20200713145525.jpg,unripe,test,0.17989570566746052,0.09609977651137787,0.7567026329852314,0.020226051153724188
IMG20200713145611.jpg,unripe,test,0.1810840849388608,0.08909128463289344,0.7441256602104424,0.018923783576251598
IMG20200713145619.jpg,unripe,test,0.0883987220976941,0.03271722741759838,0.6977953038105312,0.004249127505411584
IMG20200713145638.jpg,unripe,test,0.16511404724585238,0.09125718550886247,0.7289330063229682,0.024573716301781002
IMG20200713145725.jpg,unripe,test,0.16163881723896642,0.07717468505778126,0.7317390004043612,0.016401256027658767
IMG20200713145739.jpg,unripe,test,0.13807143095895003,0.06605524529256217,0.7253118416151781,0.015240945724381828
IMG20200713145849.jpg,unripe,test,0.0964180241964712,0.03737258264230378,0.7002953224664162,0.003372392111999882
IMG20200713145905.jpg,unripe,test,0.11744831469607837,0.05065293754814887,0.7045736912136812,0.008124849167331449
IMG20200713145912.jpg,unripe,test,0.14796158605197096,0.07076138018560067,0.743520110371727,0.016578881089600653
IMG20200713150014.jpg,unripe,test,0.10317535009690583,0.04356459870460431,0.7080729558734747,0.00757604276457258
IMG20200713150053.jpg,unripe,test,0.12807280696882642,0.057193263334158244,0.7193885084929595,0.009225221304205168
IMG20200713150237.jpg,unripe,test,0.16309667626798086,0.09075209862705796,0.7324985286316908,0.024517547935256036
IMG20200713150310.jpg,unripe,test,0.14578770986673148,0.07367774902055813,0.7413232463937445,0.01695533877482783
IMG20200713150324.jpg,unripe,test,0.1445846824806281,0.07336851346562037,0.7087160510076492,0.018644211798070028
IMG20200713150416.jpg,unripe,test,0.17326113243075275,0.09275011828933548,0.7315177961123862,0.027674675358522954
IMG20200713150438.jpg,unripe,test,0.17332970504166623,0.08447604737184279,0.7323032145770602,0.020207995645813374
IMG20200713150459.jpg,unripe,test,0.11070466343821103,0.045572032505579355,0.6982783168609042,0.005333713008944279
IMG20200713150533.jpg,unripe,test,0.12349437058266227,0.050710102709873806,0.7201519992670152,0.006319863724724881
IMG20200717083546.jpg,fully_ripe,test,0.025281030444668843,0.00803278688515184,0.5927283372295934,0.0015456674472886925
IMG20200717083603.jpg,fully_ripe,test,0.10150250078522151,0.05330276253128973,0.6563524028786297,0.01589749312648097
IMG20200717083647.jpg,fully_ripe,test,0.08599944220799635,0.043955934498944624,0.667905095813898,0.009143790589175428
IMG20200717083724.jpg,fully_ripe,test,0.067573045928041,0.035269689029166267,0.6325011123682949,0.00785089237150491
IMG20200717083850.jpg,fully_ripe,test,0.051989972490327566,0.01780326559568503,0.6426701570609341,0.0017525956162730435
IMG20200717083853.jpg,fully_ripe,test,0.12337378157824376,0.06058285259537913,0.7115973741723534,0.013815396856834939
IMG20200717083923.jpg,fully_ripe,test,0.10592111905473277,0.04330466548528849,0.7098826056162987,0.006883954877907242
IMG20200717084049.jpg,fully_ripe,test,0.06287273435916126,0.02927304618954129,0.6367277333791004,0.005934515688891693
IMG20200717084246.jpg,fully_ripe,test,0.066210928063358,0.02268225518113578,0.6713730131809342,0.003514662544041806
IMG20200717084258.jpg,fully_ripe,test,0.0757251290827834,0.029159825825907634,0.6746020415366955,0.004021224450900359
IMG20200717084305.jpg,fully_ripe,test,0.06674725450094371,0.028658098506897583,0.674805277735237,0.007389752420401764
IMG20200717084454.jpg,fully_ripe,test,0.0862706286358119,0.041984641800510536,0.6618453686842765,0.008227606601065683
IMG20200717084517.jpg,fully_ripe,test,0.0730871991657322,0.027326463033172137,0.6835638906870964,0.0056839868370244795
IMG20200717084615.jpg,fully_ripe,test,0.09502608066317224,0.042080824932490976,0.6819666529243312,0.008462396606916027
IMG20200717090701.jpg,fully_ripe,test,0.1369214968188221,0.08163625234636392,0.6972850162287217,0.026838605263698495
IMG20200717090725.jpg,fully_ripe,test,0.11713463482813706,0.058508983432580416,0.706123123583397,0.017451582795194723
IMG20200717090916.jpg,fully_ripe,test,0.04419963341946503,0.016820681227882803,0.6394149992301874,0.0027970826332404434
IMG20200717090924.jpg,fully_ripe,test,0.06266022717392716,0.025319494185970876,0.656108075923378,0.00541531843795509
IMG20200717090932.jpg,fully_ripe,test,0.15199686840477764,0.08914539951604326,0.719789190266092,0.025912028947899905
IMG20200717090956.jpg,fully_ripe,test,0.06523946191779184,0.02792908881442503,0.6580077705474726,0.005183623264753474
IMG20200717091029.jpg,fully_ripe,test,0.10516447285499253,0.06595273450197629,0.6518511061252379,0.021342460926417055
IMG20200717091054.jpg,fully_ripe,test,0.13537908204603075,0.08929819135551702,0.6864139834749503,0.025119411703777426
IMG20200717091100.jpg,fully_ripe,test,0.1584667571213234,0.10654002713559649,0.6672184531795493,0.030366350067430582
IMG20200717091145.jpg,fully_ripe,test,0.05702356600389476,0.023463259263191424,0.6703001092772317,0.005837793407442134
IMG20200717091151.jpg,fully_ripe,test,0.06311103965854013,0.02191453231894221,0.6774514433781392,0.0031751454437348643
IMG20200717091203.jpg,fully_ripe,test,0.13198581488902075,0.07224158889229322,0.7099486643623236,0.020343376096077562
IMG20200717091436.jpg,fully_ripe,test,0.1756771488867734,0.09860159958673749,0.7224011654916959,0.021486407468494007
IMG20200717091528.jpg,fully_ripe,test,0.14285902087418023,0.08391176315817543,0.699597728339123,0.022308986695820727
IMG20200717091630.jpg,fully_ripe,test,0.06578407548785162,0.030248998011564294,0.6420061854968757,0.005199293085451453
IMG20200717091644.jpg,fully_ripe,test,0.07282132488706444,0.0356611243068286,0.6572921615132511,0.011126946423741072
IMG20200717092110.jpg,fully_ripe,test,0.11894889558389393,0.0655180406391656,0.6649068136301484,0.017143543914624436
IMG20200717092128.jpg,fully_ripe,test,0.06363085603653434,0.025191923393176736,0.6443833584953171,0.004105216518486087
IMG20200717092132.jpg,fully_ripe,test,0.06243260359736378,0.028148160826830634,0.6401502832733671,0.0073087653834336755
IMG20200717092138.jpg,fully_ripe,test,0.07693102598487349,0.0352143464675542,0.666369901664801,0.009809143011503811
IMG20200717092210.jpg,fully_ripe,test,0.10888937466908986,0.05086990625778454,0.7267478493354926,0.010917227101329393
IMG20200717092401.jpg,fully_ripe,test,0.059355912002044056,0.020993693201308616,0.664113323724188,0.002594726126004436
IMG20200717092405.jpg,fully_ripe,test,0.09878739094180013,0.04762152056440043,0.6866820731111514,0.010866742833261495
IMG20200717092558.jpg,fully_ripe,test,0.11964479792304816,0.061250452848430406,0.692475546151058,0.012738746177005059
IMG20200717092639.jpg,fully_ripe,test,0.07750763240478843,0.031547276668824974,0.6806336002756446,0.0063492765806120385
IMG20200717092651.jpg,fully_ripe,test,0.15999200216223855,0.09437446337938707,0.6944944309105243,0.02813356385886015
IMG20200717092658.jpg,fully_ripe,test,0.15742972707798017,0.09870893936816975,0.6981226507527974,0.028252165386212495
IMG20200717092756.jpg,fully_ripe,test,0.14196770662126018,0.06866903849584167,0.7253352490338746,0.01672824302115572
IMG20200717092834.jpg,fully_ripe,test,0.05431478434970393,0.022861383305710775,0.6404853014748544,0.004237894285063319
IMG20200717092848.jpg,fully_ripe,test,0.14479178084777639,0.0903329314098481,0.6865601737831556,0.027493497822368554
IMG20200717092927.jpg,fully_ripe,test,0.15441062427147723,0.0879313687467242,0.704081039155641,0.0207638619617995
IMG20200717092932.jpg,fully_ripe,test,0.17950179173214303,0.10223024987586105,0.7346591841986009,0.027305831103463643
IMG20200717093022.jpg,fully_ripe,test,0.18488427259323525,0.11641363651668632,0.7123419973507037,0.036005964281778394
IMG20200717093101.jpg,fully_ripe,test,0.07445434080381273,0.034002153273622375,0.6593422726763303,0.009503768229328535
image_0_1034.jpg,overripe,test,0.2947686385602861,0.18683560996741574,0.7572865709610229,0.05237598795252145
image_0_1191.jpg,overripe,test,0.1940997128266209,0.11999190354953393,0.7167887459268943,0.02931167533202637
image_0_1198.jpg,overripe,test,0.14355369507335622,0.0793038991123434,0.6301503304076552,0.019945765210647153
image_0_1224.jpg,overripe,test,0.2027388710212702,0.13330441773795434,0.5603524881486948,0.039157709884694705
image_0_1656.jpg,overripe,test,0.2566982922173305,0.16329628625466744,0.7514990512252481,0.05295744104035829
image_0_1685.jpg,overripe,test,0.2362494337489013,0.16437800450183987,0.6153357267897518,0.05577980162636471
image_0_1796 (2).jpg,overripe,test,0.19129648042970004,0.11001227235575492,0.7200469395186008,0.03142439959482031
image_0_1803.jpg,overripe,test,0.16128457109126365,0.1075335354011397,0.669669732653679,0.023556063640979202
image_0_1899.jpg,overripe,test,0.15567748535147702,0.07644378312957832,0.7343718032108772,0.01848786385177636
image_0_1955.jpg,overripe,test,0.14018496321475105,0.07727327710307935,0.6788765848809739,0.01251415815330928
image_0_2019.jpg,overripe,test,0.19290026693247014,0.10926387072404321,0.7276554578125043,0.023871799924542973
image_0_2186.jpg,overripe,test,0.33567335108419666,0.21940960034423285,0.7762428599586303,0.07115096878550115
image_0_2243.jpg,overripe,test,0.2661397935529831,0.19892042666219928,0.7089456511384683,0.05453825425885192
image_0_2260.jpg,overripe,test,0.2768861085453884,0.1695343154633066,0.7632542152839099,0.053959788702572675
image_0_2266.jpg,overripe,test,0.11188460332342479,0.054096671594077425,0.5943555973632829,0.008923531783322476
image_0_2335.jpg,overripe,test,0.4330250278100603,0.3058630494116063,0.7715916881045214,0.12424000629208214
image_0_2409.jpg,overripe,test,0.2252492043608362,0.1401469899546981,0.6267238825197274,0.04005428497682349
image_0_2609.jpg,overripe,test,0.3362219558114727,0.25791231375014634,0.7419249871489817,0.07122794999082696
image_0_2661.jpg,overripe,test,0.18211696716586867,0.09777116882595371,0.7271498335496785,0.02556650163043
image_0_3016.jpg,overripe,test,0.246668157838481,0.14083207515386278,0.7661838990403719,0.034557960073491045
image_0_3044.jpg,overripe,test,0.1519910480000618,0.07569841024791096,0.7087667849922151,0.014276894582387121
image_0_3540.jpg,overripe,test,0.23323025689605845,0.13163287711216762,0.7508233916347908,0.02950486715921188
image_0_3580.jpg,overripe,test,0.22802614963751697,0.12355545609827605,0.7480459696506234,0.022185636877672336
image_0_3703.jpg,overripe,test,0.19010216065122554,0.11785727815583154,0.7168924976863341,0.029259114270551983
image_0_4097.jpg,overripe,test,0.2574565152224053,0.17211313256794883,0.6251096138228579,0.053741300269434994
image_0_4273.jpg,overripe,test,0.23190352497079575,0.13922112810853224,0.7428715345263374,0.029965728056277438
image_0_4405.jpg,overripe,test,0.21621334585294621,0.1563649372273291,0.6114129523392057,0.04487372975123322
image_0_454.jpg,overripe,test,0.1510591811517901,0.07219530730433937,0.7357271777264585,0.01810582312132511
image_0_4546.jpg,overripe,test,0.311278939665553,0.2006627076326085,0.7602633617296363,0.05989471268281912
image_0_4649.jpg,overripe,test,0.17863466171046594,0.10682669143315784,0.696601166796845,0.027312570748159633
image_0_4752.jpg,overripe,test,0.2515258444217395,0.14362849971619177,0.7656080686767469,0.03849110425718938
image_0_4829.jpg,overripe,test,0.3432772148042656,0.251439029063432,0.7544469243991663,0.06764518582135856
image_0_4982.jpg,overripe,test,0.23636638348985312,0.1524128418449191,0.6627334005904152,0.04038055689569105
image_0_5062.jpg,overripe,test,0.2853049274253562,0.18007315054435688,0.7535930088656897,0.048962810689155006
image_0_5084 (2).jpg,overripe,test,0.23228688055616845,0.1391216895728824,0.7431918124199564,0.03188657293257985
image_0_5167.jpg,overripe,test,0.28357592820168614,0.19857002501466658,0.7307651026598958,0.06012169648483647
image_0_5250.jpg,overripe,test,0.24092212971216034,0.1686140068553235,0.6227873784326398,0.05606940460325985
image_0_5270.jpg,overripe,test,0.1998774934617188,0.13225657715343184,0.5772514783221409,0.03779528619062625
image_0_5393.jpg,overripe,test,0.18506690997410563,0.09991720735249462,0.7242413490071283,0.02861415247339979
image_0_5402.jpg,overripe,test,0.33461900281933965,0.25624732745868256,0.741956726240127,0.0686564611300038
image_0_5744.jpg,overripe,test,0.12709237065824147,0.0671703061045317,0.5950849202228078,0.018650589417330523
image_0_6084.jpg,overripe,test,0.18639232008384363,0.10225340135940014,0.7228674364401756,0.025711600429357866
image_0_6087.jpg,overripe,test,0.287800874793412,0.17230511345132046,0.7719244637224058,0.050514662871369076
image_0_6221.jpg,overripe,test,0.2498793925230607,0.18511317805433553,0.6024777599785681,0.05044287065065107
image_0_6267.jpg,overripe,test,0.2035157132386745,0.1348032336890524,0.548608021245735,0.042505493301791035
image_0_6295.jpg,overripe,test,0.13614906832120108,0.06776070611222282,0.7020202680522784,0.014004576658855777
image_0_6387.jpg,overripe,test,0.2484894141267977,0.16513646279556404,0.6259292391845926,0.055516319558592334
image_0_6393.jpg,overripe,test,0.28361463745387006,0.17461253462794857,0.761468196121881,0.05074600295896989
