filename,class,train_or_test,glcm_contrast,glcm_correlation,glcm_energy,glcm_homogeneity,lbp_mean,lbp_variance,lbp_entropy
IMG20200713141604.jpg,unripe,train,35.06733832925335,0.9805568998729196,0.02978298252743866,0.365898281185962,4.82140515590989,4.150615049305806,2.901971417467342
IMG20200713141623.jpg,unripe,train,48.750401404720705,0.977714101686371,0.027707851212272656,0.3528575396890843,4.785731840044939,4.137461693634597,2.8924815978297618
IMG20200713141640.jpg,unripe,train,34.372466959837155,0.9807942764060283,0.03212116096416238,0.3678622281161007,4.8208617686074575,4.155438462072859,2.9025125722032916
IMG20200713141737.jpg,unripe,train,40.433793583379206,0.9812220641274303,0.027511455187997136,0.3393519983859017,4.745051757284675,4.022957989939015,2.872764789431132
IMG20200713141824.jpg,unripe,train,31.05915137669568,0.980611989570741,0.03143115480081431,0.3711253518714624,4.84213450744841,4.221804421356888,2.9117107830947333
IMG20200713141846.jpg,unripe,train,39.51059681876371,0.9807959270929683,0.02792623522570898,0.33066382577570314,4.757296891155108,4.237768011247487,2.9170999676338303
IMG20200713142056.jpg,unripe,train,32.06397508587432,0.9853340578751077,0.02912315633844837,0.37149708986069935,4.813202257109967,4.034387732088664,2.877401231101431
IMG20200713142139.jpg,unripe,train,29.27978591892098,0.9809467908553755,0.03175903594981676,0.3473733670844984,4.76555023923445,4.083803179330659,2.893582950703853
IMG20200713142211.jpg,unripe,train,26.542805074619395,0.9857911549701918,0.03090490827584176,0.3863774491145414,4.848125071402835,4.014581974707875,2.8747364467063647
IMG20200713142220.jpg,unripe,train,27.999217333540773,0.9858137233179127,0.030439846868822902,0.3794113240146547,4.830480869121194,3.9990043591193336,2.8719010449634146
IMG20200713142228.jpg,unripe,train,30.75902318715888,0.9832425253341182,0.03126638043986696,0.3749537104724322,4.831164561342793,4.030449431130328,2.8806372738015598
IMG20200713142241.jpg,unripe,train,32.317878205135145,0.9852536391772517,0.02978885463126744,0.3855357078477635,4.828831109441604,3.865318140791173,2.8387680860597864
IMG20200713142258.jpg,unripe,train,29.159649034072743,0.9862132448839402,0.029619068339989698,0.3772876452224472,4.80800801756228,3.8700462722146796,2.847147564251567
IMG20200713142856.jpg,unripe,train,33.180331859709796,0.978025175118864,0.0331203909652367,0.37986559568253003,4.844542775230279,4.133346121141537,2.8930934749815367
IMG20200713142909.jpg,unripe,train,34.37663980244517,0.9782351726348767,0.03285778693803867,0.3903021300951406,4.870363223122776,4.1512889928170225,2.891759848407966
IMG20200713142917.jpg,unripe,train,28.805168880317677,0.979677378232056,0.03273367470043749,0.37674698867946005,4.8389131730578185,4.139244093328689,2.8952835447756557
IMG20200713142946.jpg,unripe,train,37.039617616410425,0.9755382828853211,0.03100230049703167,0.3590753520234556,4.82063456882736,4.293048828406387,2.920358687100517
IMG20200713143028.jpg,unripe,train,44.521614309327056,0.9735630575317282,0.030230746883059312,0.3516233247760222,4.801479196476688,4.251467159533206,2.9161440010671607
IMG20200713143043.jpg,unripe,train,34.587240923902606,0.9720875343878163,0.032999272978002515,0.3597612475324078,4.811362319858168,4.213876058388875,2.914577988349375
IMG20200713143050.jpg,unripe,train,29.370175591270183,0.9774621351793239,0.03312854240210978,0.3714691269992961,4.841374423175886,4.246289034470049,2.918162039921189
IMG20200713143109.jpg,unripe,train,35.11919287987306,0.9777411008422378,0.03212371472575593,0.38602364756341206,4.863778714471924,4.188238743848384,2.9046658673722847
IMG20200713143206.jpg,unripe,train,30.018675143262172,0.9782801257524057,0.033331505153977495,0.3837504417173334,4.8478499903474095,4.078840486952447,2.8843986369137697
IMG20200713143223.jpg,unripe,train,26.725651063164918,0.9790030302985678,0.034487273304835135,0.37955217422865395,4.8398604321514895,4.083065588313354,2.883310135950692
IMG20200713143259.jpg,unripe,train,36.340093118167594,0.9760185629122081,0.029656853211857445,0.33382942252460435,4.742828659355902,4.071576914814722,2.8828252004347465
IMG20200713143317.jpg,unripe,train,39.91719788460756,0.978776949240242,0.027778777523316603,0.33447925812709794,4.721404051722605,3.8152662142567446,2.818565768752346
IMG20200713143325.jpg,unripe,train,37.15841141116848,0.9773857140283471,0.02888207051021075,0.3405171764115406,4.749901841723203,3.894096911390912,2.8348242842634215
IMG20200713143333.jpg,unripe,train,28.481051973276912,0.9839077099258748,0.03152687968463932,0.3784081408225812,4.832532735693072,4.066090892734256,2.881040232368236
IMG20200713143359.jpg,unripe,train,33.628321443061665,0.9802199214324495,0.03089817755347566,0.3586430579458741,4.796644107164311,4.061629841663544,2.8766058499341507
IMG20200713143438.jpg,unripe,train,32.39084786491496,0.9736172271097123,0.035185519257313946,0.3861829202479018,4.860034438226432,4.133151785297005,2.898913605357648
IMG20200713143447.jpg,unripe,train,36.16425736153807,0.9761317653389789,0.030304545069832652,0.34650534856300197,4.786889132020423,4.166782882675468,2.8988013044012235
IMG20200713143503.jpg,unripe,train,30.537641746561185,0.9747762270519622,0.0341375636037851,0.379255757228158,4.867385771019707,4.313132377168798,2.9282685192753775
IMG20200713143508.jpg,unripe,train,23.845186760524165,0.978606018253167,0.036451317108349944,0.39323119466052564,4.892445554044716,4.279040810464897,2.9257598626645693
IMG20200713143524.jpg,unripe,train,36.109860983106984,0.9737325293639987,0.031174088778932567,0.3393565118238776,4.770188022172878,4.207030861307354,2.9093238834797797
IMG20200713143542.jpg,unripe,train,34.991061667539526,0.9693914042968694,0.03214641459263173,0.3372298080373065,4.744041876986352,4.035154723241644,2.875977439871853
IMG20200713143556.jpg,unripe,train,34.26806056143586,0.9723829539439487,0.030664654804048723,0.3300776142728762,4.750392440035163,4.137542229514617,2.8906992475957676
IMG20200713143602.jpg,unripe,train,37.69208737046279,0.970269739328224,0.029985357245642788,0.31848162545993586,4.708352779994279,3.976420949363291,2.861239298681061
IMG20200713143616.jpg,unripe,train,35.889900610463926,0.9796754648802225,0.0322206059891094,0.38855423498182184,4.870347280954913,4.104176126006395,2.8798260680977825
IMG20200713143625.jpg,unripe,train,33.59872263390325,0.9748242660025086,0.03248955891454064,0.3629219191406367,4.786757798022806,3.9479687189684998,2.854792444760135
IMG20200713143701.jpg,unripe,train,43.57942078113477,0.976504499784976,0.030468211171741345,0.3662378252699799,4.819245197460631,4.099212028178972,2.8741398167663825
IMG20200713143721.jpg,unripe,train,41.948184008586836,0.9788245228484599,0.028733812637794693,0.34879966877217666,4.770585725604925,3.931918368451084,2.8503207837077444
IMG20200713143750.jpg,unripe,train,27.285140048000336,0.9798642867008001,0.032342518707297624,0.3695169377303976,4.822089779355821,4.156434435764166,2.9034887184741254
IMG20200713143812.jpg,unripe,train,26.41323392455861,0.9859864863745242,0.031221452932337166,0.38615409667858736,4.872757469481352,4.214596078833227,2.9093820069359912
IMG20200713143821.jpg,unripe,train,30.40197687707145,0.98181421125118,0.03162110862347136,0.3785144650384123,4.8366426208600695,4.011973646900532,2.867619761891218
IMG20200713143830.jpg,unripe,train,26.92807642919255,0.9751537465852932,0.03569497971467714,0.3845814014307377,4.853845368996884,4.038491429143494,2.870490389693634
IMG20200713143842.jpg,unripe,train,24.626175925325313,0.9864762598672635,0.031701039346270804,0.3858916191709692,4.863885848258301,4.1902206378144164,2.907240607221049
IMG20200713143852.jpg,unripe,train,27.875009986508424,0.9837497418376733,0.03139858611735241,0.37984770787006134,4.847012140603409,4.10298113040658,2.8896572857376825
IMG20200713143859.jpg,unripe,train,44.21091179644385,0.9786873452221936,0.02917271964748066,0.3691780313245521,4.809246246526922,3.921723651209773,2.8448496410079245
IMG20200713143908.jpg,unripe,train,31.700403118764477,0.9779050986034117,0.031176458500737202,0.3518817012249228,4.792503771322477,4.112764755768472,2.888010298657822
IMG20200713143919.jpg,unripe,train,32.30409749345619,0.9802955413193015,0.030973430639717768,0.3634396591775812,4.808987487767371,4.074036029201755,2.8809933072433376
IMG20200713143938.jpg,unripe,train,43.90003438436978,0.9747986015123021,0.029686780950276936,0.3576231050737116,4.797010645923487,4.088988860241882,2.8814464261610953
IMG20200713143943.jpg,unripe,train,35.89131530043284,0.9730147074968485,0.036507651172644894,0.37790176565815753,4.848479418390334,4.206809756914782,2.9062996385835893
IMG20200713143947.jpg,unripe,train,32.39580978150086,0.9745635758004678,0.03384007118452259,0.3694894326850944,4.885467214134628,4.64785204134941,2.9797600439877154
IMG20200713143957.jpg,unripe,train,30.843425581463144,0.9786991477314039,0.0323076285788534,0.3647435681416477,4.847757607498518,4.438108924340323,2.9505821554794824
IMG20200713144008.jpg,unripe,train,31.347820482090064,0.9751675558683752,0.03297789167439563,0.3624121883111165,4.849277252802257,4.464306573148328,2.9489513461989403
IMG20200713144013.jpg,unripe,train,29.420089986290762,0.978542171188003,0.033858939359107124,0.38533166858865375,4.898937926258746,4.428167660397884,2.947734177669049
IMG20200713144109.jpg,unripe,train,30.429986924265435,0.9824720615487748,0.031388842501491675,0.38594833056239036,4.9119399737490435,4.617523558553358,2.9780707466129512
IMG20200713144113.jpg,unripe,train,23.902163496179284,0.9839292020566456,0.032511831751005534,0.3821931835888732,4.888279383787959,4.571296450159144,2.973015711019892
IMG20200713144123.jpg,unripe,train,28.152640585999634,0.9801852293963509,0.03584413188231833,0.39400025092561297,4.923397463549305,4.524534950210114,2.963482908946031
IMG20200713144137.jpg,unripe,train,37.69104829837178,0.9728765707568929,0.03299897575477327,0.37034363948648863,4.875261755187512,4.544663100149746,2.9681575165400784
IMG20200713144142.jpg,unripe,train,38.411803990812416,0.9770074449227412,0.030084843193526254,0.3658314666243092,4.8624526367405165,4.572833943562008,2.972842469669806
IMG20200713144151.jpg,unripe,train,28.175932417306598,0.9856846432278857,0.03071104261719083,0.38487554247391836,4.905169787984235,4.570233931768675,2.970001683774961
IMG20200713144202.jpg,unripe,train,31.39000420712715,0.9762548866518346,0.03246150017643518,0.36419220248543394,4.8706709067535305,4.695473256834842,2.989545124799687
IMG20200713144211.jpg,unripe,train,39.002198894985675,0.9772629458193618,0.028983127533713446,0.3453291842172395,4.842813537847229,4.718587803034941,2.9901088366574706
IMG20200713144221.jpg,unripe,train,41.025178869612446,0.9812688326530574,0.02900833273779529,0.3685919183137824,4.859992658139804,4.535162425078443,2.9696916845228842
IMG20200713144228.jpg,unripe,train,37.04605649974684,0.9741535181263048,0.03189769680935175,0.3651764730682169,4.847676763740171,4.470771539740189,2.9492980216793745
IMG20200713144234.jpg,unripe,train,34.882465229051725,0.9755025322964375,0.03239110709025823,0.37190615901051,4.881674602800434,4.623790812225192,2.9790440729749825
IMG20200713144248.jpg,unripe,train,30.260923049449644,0.9746302546642218,0.03289577082791992,0.3610476837462924,4.861231668416512,4.653934600475541,2.9909924845887836
IMG20200713144253.jpg,unripe,train,30.473522100636004,0.9767921509494993,0.032720920315569016,0.37060616856186057,4.881746173972259,4.630530566159065,2.977605498179772
IMG20200713144302.jpg,unripe,train,33.39391092820153,0.9789785237907322,0.030721924912866964,0.36815061632498214,4.869847565446306,4.548492683925966,2.968604410609873
IMG20200713144324.jpg,unripe,train,35.79097445827522,0.9796932678560435,0.030081324756957996,0.367277945165494,4.865260597989331,4.578054119353007,2.9726297807139264
IMG20200713144332.jpg,unripe,train,38.54002071498543,0.9781989088668073,0.02968527671097971,0.34786121923896474,4.81040173157515,4.474514096475211,2.954099117699293
IMG20200713144338.jpg,unripe,train,36.057783296991545,0.9782650941515882,0.029859274987105947,0.35607712376538864,4.839032130107101,4.5112730021409995,2.9617590066229917
IMG20200713144423.jpg,unripe,train,31.23090164306366,0.9765949721919077,0.03160048362648264,0.3497643869599921,4.8286476996705225,4.623532739957011,2.9813450941134607
IMG20200713144429.jpg,unripe,train,36.94450069451125,0.9744139862903807,0.033000058714522,0.3459748412562734,4.836974714471684,4.630128262918829,2.973056703554488
IMG20200713144442.jpg,unripe,train,38.95183727378412,0.9720394435000367,0.032321804321605765,0.372686956358394,4.872871278866815,4.502491761320681,2.9574697964554915
IMG20200713144457.jpg,unripe,train,36.71286358351329,0.9734814036931646,0.030698251521131117,0.34551829886546137,4.800166569382554,4.350315884613519,2.9270502680808
IMG20200713144509.jpg,unripe,train,36.998163905454945,0.9802424620502485,0.02997865667543142,0.36628242714371173,4.89249324792075,4.705712995695968,2.9889554045594138
IMG20200713144515.jpg,unripe,train,34.30600635460979,0.9768205509704044,0.031326122306570024,0.3653918334021158,4.880666153097632,4.749453480988672,3.002702894318773
IMG20200713144534.jpg,unripe,train,41.14066825277551,0.9749855092573174,0.02979015988304752,0.3538676045921952,4.862098922185415,4.761238951502814,3.00182004312195
IMG20200713144550.jpg,unripe,train,40.69575751001777,0.9693204059629545,0.031100239076213225,0.3470707417283201,4.852830972458771,4.777709864546461,2.998681036831125
IMG20200713144556.jpg,unripe,train,36.64433884671523,0.9718228677160775,0.03148886619703282,0.34799881531350557,4.8401024428684005,4.730106530088595,2.993907789350003
IMG20200713144605.jpg,unripe,train,30.19814352899366,0.9799557147716078,0.03271970411238325,0.3800896810895453,4.904623451706694,4.618304534183214,2.9779593005984832
IMG20200713144630.jpg,unripe,train,35.70149400858199,0.9720955835672349,0.03507423831869867,0.37663910696531555,4.907775085743054,4.694194291441834,2.9864167242249993
IMG20200713144639.jpg,unripe,train,38.4559985335365,0.9759900647488668,0.029639225530964187,0.34831149523851357,4.842459092638789,4.679776862676933,2.986866444090394
IMG20200713144657.jpg,unripe,train,50.45140904555453,0.9699040713503813,0.028809545135463698,0.3333772639530485,4.813386588336438,4.685371737782586,2.9857924224150674
IMG20200713144704.jpg,unripe,train,34.367195482019554,0.9736745764764998,0.03448427321845625,0.3734006984183221,4.883526757680769,4.699506988917024,2.9936169920568423
IMG20200713144717.jpg,unripe,train,36.65838150395948,0.9767670931953292,0.02919958925801185,0.3325471785951702,4.822779343755153,4.802953436043197,3.006309871605839
IMG20200713144725.jpg,unripe,train,36.02933307260736,0.9721070624798037,0.030707965453079997,0.3390351557754815,4.828944298143272,4.800150927228314,3.0090286475041577
IMG20200713144739.jpg,unripe,train,38.132777136491455,0.9710508848772438,0.03229664024457711,0.36248081202288757,4.872530294518899,4.706679008090348,2.993820909484469
IMG20200713144806.jpg,unripe,train,36.606597015975105,0.9794759091599057,0.02985199454643905,0.3654331800136019,4.803321747062801,3.995793372973378,2.8669351227402133
IMG20200713144816.jpg,unripe,train,26.72752958366996,0.9819893169285889,0.03191391926500456,0.3736944979714181,4.828820044736863,4.10012297208979,2.8832291473426093
IMG20200713144823.jpg,unripe,train,22.525817841339148,0.9855420486489556,0.031194999184187756,0.36622829618182323,4.805237109424274,4.067047048269026,2.8945009705791134
IMG20200713144832.jpg,unripe,train,32.39096016761734,0.9796739424207012,0.030966718468277192,0.36942107732356744,4.835572537902133,4.234009667475424,2.915217542487567
IMG20200713144845.jpg,unripe,train,24.487022628637426,0.9838050514310426,0.03310365756986616,0.3785372143233374,4.83114315879327,4.033074326466646,2.87969160885579
IMG20200713144855.jpg,unripe,train,26.43967063943527,0.9829486793904302,0.031749940568700515,0.3708079643155964,4.821774726094026,4.074006416287092,2.888642775108824
IMG20200713144905.jpg,unripe,train,29.933756548823965,0.9789159534127437,0.032862827547934674,0.37456571085268636,4.838133105421575,4.121946706076191,2.891988196132849
IMG20200713144909.jpg,unripe,train,30.164371208479366,0.9772274988245429,0.032585417077424884,0.36449578246567416,4.791627442473457,3.987417232571458,2.868135704858375
IMG20200713144918.jpg,unripe,train,25.80750955508646,0.9788971914782618,0.03480992306009036,0.3953169354955157,4.887081109420794,4.14420812912505,2.9005819621471756
IMG20200713144926.jpg,unripe,train,34.234569851646185,0.9755018000586874,0.03332869972273719,0.382609284169388,4.847551302389847,4.127007590697475,2.8989320208336764
IMG20200713144933.jpg,unripe,train,29.65816535827414,0.9749297924917821,0.034374675676249244,0.3776223271273429,4.851402741977661,4.270443790468032,2.9271057718697335
IMG20200713144941.jpg,unripe,train,35.59130299066865,0.9761045737617733,0.031613660867992076,0.3709756862713061,4.833737260251986,4.170109690698185,2.9019506024619144
IMG20200713144956.jpg,unripe,train,29.73412589636619,0.9791173930460071,0.031648727286349196,0.36016108415380693,4.804769123612078,4.145168389151127,2.903681122222799
IMG20200713145006.jpg,unripe,train,37.00098129117986,0.9776469880669609,0.02923102824988164,0.34399659387239334,4.770118083008171,4.091466596655698,2.8895758235425024
IMG20200713145011.jpg,unripe,train,44.34703903950063,0.9747274789265796,0.029363300739520103,0.35086469686267063,4.77885028058725,4.0214299111905945,2.8669898128702016
IMG20200713145018.jpg,unripe,train,39.40946153812491,0.97242844144986,0.03189043675413111,0.36829436882091693,4.811166001646716,4.025856066496275,2.870561174872953
IMG20200713145026.jpg,unripe,train,28.220788644245275,0.9792199227794253,0.03202849925091679,0.3589880985218734,4.799846084781633,4.1561482479704654,2.903844768560259
IMG20200713145036.jpg,unripe,train,34.47686470838436,0.9799155238791022,0.030242604211317775,0.3565731105606684,4.806144561788506,4.112897827042272,2.888073060963098
IMG20200713145100.jpg,unripe,train,29.99694531128934,0.9818118016973791,0.0306474832050596,0.36245990411267515,4.808828334906688,4.168876021725635,2.906921949022099
IMG20200713145109.jpg,unripe,train,27.045937285366612,0.9884348422108421,0.030943335400693453,0.4134152923845113,4.928795223758739,4.226281617351276,2.9212344968722914
IMG20200713145136.jpg,unripe,train,34.40008739241523,0.9815951434333254,0.03220264267571528,0.40211892812179223,4.897713551201652,4.087480847016536,2.886070367144068
IMG20200713145141.jpg,unripe,train,32.30463741524132,0.9817266436416088,0.033197798672154874,0.40577565443142377,4.916465114716652,4.211512634755001,2.908697894998121
IMG20200713145148.jpg,unripe,train,36.54898331287714,0.9767003489601251,0.02971007758103829,0.33694929098758813,4.765566956645188,4.101503357646217,2.880518343206907
IMG20200713145208.jpg,unripe,train,30.887247953543195,0.9784620492069327,0.03192043987510653,0.3582914818382455,4.795479551366796,4.090842288901228,2.8871669994706792
IMG20200713145224.jpg,unripe,train,40.101221027254645,0.9718050986804408,0.030680424075192555,0.34243889693982466,4.7861298136527495,4.156990856214849,2.895673004371518
IMG20200713145237.jpg,unripe,train,29.08252130228589,0.980061948773807,0.03134403889617302,0.3554824335875232,4.805571895424837,4.209289215419283,2.914949529076519
IMG20200713145248.jpg,unripe,train,32.14541603213974,0.9812283397827046,0.03134711185549537,0.3798917104027172,4.844161519391571,4.11889685462076,2.895306944985445
IMG20200713145253.jpg,unripe,train,38.969344453475024,0.9812645201067774,0.02809692580379508,0.3501427007641216,4.776957498156466,4.064526025075674,2.8789710682182434
IMG20200713145258.jpg,unripe,train,28.100063652110883,0.9799691286939117,0.03115456487508015,0.3532932587593738,4.797716403049149,4.154199117326716,2.8982180477812056
IMG20200713145308.jpg,unripe,train,28.191778636652742,0.9788908136893562,0.03239095051113281,0.36376170041661304,4.8143235867446394,4.147925829014815,2.9006382242233655
IMG20200713145312.jpg,unripe,train,32.872665494389835,0.977302804881083,0.030568428884752172,0.3474385522600882,4.761339880801108,3.990458568218672,2.8702031235551253
IMG20200713145316.jpg,unripe,train,39.456983165092936,0.9648163913872776,0.03151881307401247,0.33038139348395845,4.7442846607669615,4.04371412853603,2.871142127552506
IMG20200713145330.jpg,unripe,train,24.628551089405786,0.9780860684909309,0.034769225584043016,0.3626758014020913,4.807783992285438,4.1756971722413425,2.9093902999539627
IMG20200713145338.jpg,unripe,train,35.59464777612198,0.9768914909870476,0.030831241491576775,0.3523670410156058,4.784468477346677,4.042392385206613,2.872985555324283
IMG20200713145343.jpg,unripe,train,34.16699862649021,0.9804064142275827,0.029579874886438897,0.3538734000973426,4.773012036505614,3.9725333084229484,2.8621740238246494
IMG20200713145350.jpg,unripe,train,27.906830466454785,0.9813133355548,0.03202316453772157,0.36996221535189777,4.810073951820231,4.0447672748180485,2.8830414231004484
IMG20200713145355.jpg,unripe,train,29.88421099651064,0.9805877970468275,0.03280529941659711,0.38597363601462475,4.845631680276173,4.0018791120336035,2.8675222557564637
IMG20200713145423.jpg,unripe,train,34.59919227419774,0.9812644537130182,0.02991433129098923,0.3639228802464235,4.801869672807259,4.05766098446814,2.877670368766607
IMG20200713145428.jpg,unripe,train,32.111251279562524,0.9760290021466392,0.0317889913578152,0.3527656488934987,4.789729037729233,4.094675690826779,2.8844809607933177
IMG20200713145435.jpg,unripe,train,34.86645587880583,0.9757334035532936,0.033112649609623165,0.3816877042282736,4.841763426121466,4.0240196248819995,2.871575057949275
IMG20200713145443.jpg,unripe,train,26.548611927816044,0.9751476647418819,0.033299424413605005,0.3494079213938266,4.785510042374341,4.12927913748657,2.887969474662789
IMG20200713145452.jpg,unripe,train,42.738949931872945,0.9779972068633446,0.0270608086867067,0.32052578117672664,4.6946939311170715,3.884477944044223,2.8473268035832504
IMG20200713145505.jpg,unripe,train,36.88066538672702,0.9780204922098144,0.029936388037489912,0.3489571806398309,4.770905388233908,4.070023716385851,2.8818095621067386
IMG20200713145512.jpg,unripe,train,32.375055843074534,0.9851859213776899,0.028282726730824635,0.36246599122864187,4.790547293949955,4.0306230758398005,2.8839819135598974
IMG20200713145518.jpg,unripe,train,37.5103451999536,0.9816078005548844,0.029031864231783385,0.36403993647655075,4.785234562951082,3.89683891851671,2.846753374151695
IMG20200713145532.jpg,unripe,train,32.480322088084414,0.9797780643906125,0.030258907984718843,0.3537877717395733,4.781622911694511,4.035785252734063,2.8741048651601564
IMG20200713145541.jpg,unripe,train,29.770997129975434,0.9825475060220108,0.03252199611131134,0.3826961950862945,4.841053220591893,4.069954772347873,2.8876252287381337
IMG20200713145548.jpg,unripe,train,30.227199139480078,0.9805168836793637,0.03249272823578894,0.37307104929631374,4.82019333201815,4.050573487972898,2.8847287819809475
IMG20200713145553.jpg,unripe,train,25.32339301419244,0.9873299706544647,0.03187089345397455,0.3930700505013835,4.880052796568223,4.092690708316301,2.8932631982501054
IMG20200713145601.jpg,unripe,train,33.621898621950564,0.9807403283591191,0.030597540356598785,0.3719758570139727,4.8199122773706,4.042199103685897,2.872394171211981
IMG20200713145605.jpg,unripe,train,34.78626836329887,0.9781650081025104,0.030688476113194172,0.3559460339434802,4.774287529497187,3.9239222778277854,2.8508557134569124
IMG20200713145615.jpg,unripe,train,30.01453654305456,0.9687107261820506,0.03579498809886374,0.3585361022384703,4.815647032067319,4.204403794449345,2.912583412978317
IMG20200713145630.jpg,unripe,train,34.58553748473124,0.9736825066874377,0.03144662394758252,0.3355049030627927,4.770444581478447,4.219636863193222,2.909114302332396
IMG20200713145642.jpg,unripe,train,41.71631943561779,0.9759753504933473,0.03139705199832189,0.35978285848957314,4.798275005644615,4.0522760941619165,2.8772594899130817
IMG20200713145648.jpg,unripe,train,38.138079058911075,0.9761707958640788,0.02993807877179701,0.3458082618493049,4.781092007793925,4.164309228888752,2.9008776734932975
IMG20200713145702.jpg,unripe,train,38.049799697002186,0.9785323867574947,0.030321762060248544,0.36560764312707855,4.805101927968445,4.006361702111151,2.8709413829408548
IMG20200713145706.jpg,unripe,train,37.93511258718087,0.9779148660599718,0.029009755325705825,0.34210163261364224,4.7594262887716,4.048090958542506,2.8772167657930714
IMG20200713145721.jpg,unripe,train,32.99808050595018,0.9789413292375141,0.030935155482675728,0.35011933181503785,4.791115149431497,4.110980218095437,2.8919808350910996
IMG20200713145729.jpg,unripe,train,39.84868895977915,0.975073561514137,0.0335752380966022,0.3836154089577238,4.848013715323008,4.052141153882366,2.8727844637327795
IMG20200713145734.jpg,unripe,train,25.043177657272714,0.9864752497573606,0.03206417547673096,0.38215450615591645,4.831978319783198,3.9674942242826887,2.860857062228572
IMG20200713145845.jpg,unripe,train,26.498322311779077,0.984572525401858,0.03044076396892497,0.36421623940962905,4.813040633859126,4.053405253023278,2.8776400347522486
IMG20200713145901.jpg,unripe,train,30.30546934482698,0.9811684958930927,0.030476045204423083,0.35250323604480477,4.788529506265395,4.022468120751244,2.8623412249785294
IMG20200713145921.jpg,unripe,train,33.53553542341281,0.9779711389136648,0.03490012620885024,0.37411425401051823,4.848225389313817,4.202496850756913,2.90617054358122
IMG20200713145929.jpg,unripe,train,41.924846334321195,0.9744040205194399,0.03033432351602361,0.36181065370652143,4.805201698513801,4.124009566536393,2.8879773480095214
IMG20200713145941.jpg,unripe,train,41.14077733700974,0.9741972750981407,0.028508568271224582,0.32382971633392876,4.7077075789048,3.8906501390078345,2.844800601281574
IMG20200713145947.jpg,unripe,train,46.83650236344719,0.9697243149517448,0.02903295767430627,0.32616996391798875,4.739267714496305,4.142251946875134,2.894320598550309
IMG20200713145951.jpg,unripe,train,57.69271924188152,0.9711388644877601,0.02678835939616462,0.32357210978489326,4.72039902852211,4.0469713266958305,2.8757230018192628
IMG20200713145957.jpg,unripe,train,42.63731072060071,0.9787787385426214,0.027358591673921934,0.33009023290854894,4.7367808862428165,4.09431650116504,2.886154425471819
IMG20200713150008.jpg,unripe,train,29.142415161640624,0.9805544761989227,0.03203464605983136,0.37794641890042374,4.843597240795726,4.161421809815214,2.9033304275657423
IMG20200713150018.jpg,unripe,train,24.240889142416357,0.9816620254283783,0.03394112619016235,0.38426268606834413,4.8415344891184064,4.057500264302939,2.8897541616057754
IMG20200713150024.jpg,unripe,train,36.23200690480302,0.9823881858001082,0.029303883216627327,0.37070713642050707,4.81546760175833,4.0173806318234115,2.8719692162941297
IMG20200713150048.jpg,unripe,train,27.24173232281087,0.9788181336128183,0.03310678351289136,0.36203038409213695,4.816407721280602,4.208674603380433,2.9135286874156274
IMG20200713150059.jpg,unripe,train,38.78607582616371,0.9822836398697887,0.027712919000320045,0.3440191764896729,4.776924779867027,4.128793316732294,2.888930095218921
IMG20200713150105.jpg,unripe,train,29.004906590623825,0.9841323674101806,0.03040313631249448,0.3774078656295113,4.844704947347506,4.170010209983471,2.904792669076209
IMG20200713150120.jpg,unripe,train,38.34391408919074,0.9733014075790809,0.031473623689175625,0.3618830004671302,4.793123002933575,4.054653296897935,2.8841093351784046
IMG20200713150129.jpg,unripe,train,35.53717333554181,0.9774383730725476,0.03132401547748422,0.36396418344222103,4.804052611350728,4.09039994052111,2.8928866728156595
IMG20200713150134.jpg,unripe,train,42.20781502840333,0.9725500034786634,0.029246390178361004,0.33443023917181325,4.754991108955706,4.098776818543645,2.8814445480935826
IMG20200713150138.jpg,unripe,train,33.43669187153351,0.985205364256471,0.02697482707719863,0.32721284191334493,4.720003596870723,3.9738165875558775,2.864202658105813
IMG20200713150142.jpg,unripe,train,39.13454044608454,0.9763809859008359,0.028545568613340153,0.32618730648344474,4.713942732422179,3.927016014389188,2.8510632371927938
IMG20200713150150.jpg,unripe,train,41.77786257157318,0.9787281029144368,0.030315220809642877,0.35593655996676365,4.777067382066697,3.915709237102989,2.8462648360210925
IMG20200713150224.jpg,unripe,train,42.126801906053835,0.9755343896095106,0.028205864922689516,0.31661250034044675,4.695675391039286,3.961030669943671,2.8625359452660217
IMG20200713150231.jpg,unripe,train,32.61240804145545,0.9814531757172835,0.030762738507325235,0.34957861068092255,4.7665612811724385,3.9704147678141717,2.8583106410121033
IMG20200713150242.jpg,unripe,train,53.409874227170214,0.9802699390797335,0.02495847564100184,0.3258548043012523,4.720894927890216,3.924475209355009,2.847627052053169
IMG20200713150301.jpg,unripe,train,48.33250613821491,0.9790595578491441,0.02528929174941242,0.32062135539862213,4.697431645035427,3.8297433054533143,2.826479558081962
IMG20200713150319.jpg,unripe,train,40.64994654166635,0.9726104307263254,0.029982443943915,0.33874810594277466,4.790485946151197,4.328824470902249,2.9312193231970616
IMG20200713150330.jpg,unripe,train,28.790128718784928,0.9773174668773392,0.033144431021983126,0.3686650597283148,4.830953369559331,4.163866325213539,2.904558982270772
IMG20200713150335.jpg,unripe,train,34.44746605801808,0.9770813883221081,0.030249516283699276,0.34695851681191314,4.799735775135529,4.256573207029101,2.919148953819254
IMG20200713150343.jpg,unripe,train,35.41329313583746,0.977962094470042,0.029652632839595704,0.34120664260632755,4.750211219333344,3.972014390035929,2.8631126498475505
IMG20200713150353.jpg,unripe,train,33.00647706219189,0.9831688882790571,0.028699849277494575,0.3489047222234843,4.776003896950793,4.088497482711737,2.885900505598112
IMG20200713150357.jpg,unripe,train,32.28432963432223,0.977713423272433,0.029730801817653498,0.3367523875842582,4.738282332610574,3.9828985706738593,2.862508223921587
IMG20200713150406.jpg,unripe,train,31.36581153399667,0.9807343415979695,0.030914183380757215,0.3680083695703274,4.8224494944594305,4.136885839523557,2.8999946386910804
IMG20200713150430.jpg,unripe,train,33.983826641266944,0.9806441410713296,0.02953641851052284,0.3486083694970723,4.7735987211880575,4.0481700894780746,2.880040542052128
IMG20200713150444.jpg,unripe,train,43.791870204607136,0.9749499321071486,0.027912399190679362,0.32979921333848883,4.736841104434472,4.0690489093380355,2.880109024316724
IMG20200713150450.jpg,unripe,train,42.0151552269974,0.9782063752650527,0.02945382647079172,0.36175172728473476,4.814884938818672,4.158984843752716,2.895808313500047
IMG20200713150506.jpg,unripe,train,37.03510049478917,0.9721613944249393,0.0330029350952473,0.34491245065704795,4.785835217115779,4.217897668723718,2.90419909431432
IMG20200713150510.jpg,unripe,train,30.20747718037832,0.9779261007204922,0.031576502217679124,0.3527194832170283,4.8027114870439025,4.252114823786485,2.9163556523857666
IMG20200713150521.jpg,unripe,train,28.384053859357557,0.9851282057300871,0.03040939684788288,0.37919810088259415,4.855982315556783,4.223635806263662,2.910761130099597
IMG20200713150538.jpg,unripe,train,34.91839247581575,0.9762017386008366,0.032521290005148716,0.3784390854420495,4.848779620076584,4.153387651304425,2.9008023485765264
IMG20200713150542.jpg,unripe,train,34.88762732941459,0.968744399061094,0.03530852572693454,0.38564039614803336,4.851036354896176,4.058267544067744,2.881937356817174
IMG20200714165830.jpg,unripe,train,29.655946572097832,0.9829107975930282,0.029388499644795806,0.34891582684789524,4.768096361501128,3.9709346422354392,2.8582830345618864
IMG20200714170119.jpg,unripe,train,39.257571615567606,0.9756344413477619,0.030080454812232614,0.3454560420898919,4.777992086059136,4.090717656058744,2.883491828539366
IMG20200717083337.jpg,fully_ripe,train,26.331126566782565,0.9920537305653395,0.029395126804836972,0.41896066779797914,4.917502525432895,4.029488973991868,2.8709409584141516
IMG20200717083346.jpg,fully_ripe,train,29.848401864581948,0.9898831387846054,0.03086389655575958,0.4146839158022092,4.921426650392039,4.073268477940066,2.8805234835994704
IMG20200717083356.jpg,fully_ripe,train,29.354506708274627,0.9897886505049656,0.031279517237666456,0.4184306186112974,4.917320613427707,4.052209100315201,2.883289860234356
IMG20200717083401.jpg,fully_ripe,train,45.495282414771594,0.9872883661541938,0.02912030445933124,0.4184032345938167,4.9114157658845246,3.9045826130196035,2.8412261501555736
IMG20200717083408.jpg,fully_ripe,train,48.18438270019052,0.9866109077302705,0.02615355436493944,0.3581537369765681,4.741705177779874,3.547308117550292,2.7590698368550863
IMG20200717083420.jpg,fully_ripe,train,23.654419119060442,0.9902453821640358,0.032116353759379365,0.40373072243992847,4.883982919109246,4.035207465256161,2.871175781136108
IMG20200717083440.jpg,fully_ripe,train,45.24506769516178,0.9849150816405261,0.02857582696465938,0.37825086189585394,4.807041896752621,3.8415452239906474,2.830385543523166
IMG20200717083454.jpg,fully_ripe,train,30.772316351964662,0.9909958247848062,0.02944503662849748,0.4084442305452641,4.898370211883371,4.182735234999883,2.9099385559729387
IMG20200717083502.jpg,fully_ripe,train,28.652851601748424,0.9914154397411701,0.031269081362746545,0.4076120039068437,4.895675875249761,4.066249219589137,2.882793706801379
IMG20200717083511.jpg,fully_ripe,train,35.623356941314505,0.9875460527703604,0.029680601037646616,0.39350314962929683,4.873400961662901,4.091477835257659,2.885472637534203
IMG20200717083519.jpg,fully_ripe,train,49.69867845115536,0.9828137408053308,0.026539430187595886,0.3571130083311853,4.772568658802707,3.8498849849406382,2.8215720137988503
IMG20200717083535.jpg,fully_ripe,train,33.923031182979294,0.9921767983778423,0.03286938810394433,0.44708636963049664,4.990499779832673,4.182549552069524,2.9113987975414606
IMG20200717083623.jpg,fully_ripe,train,40.88211078415727,0.9859111616325203,0.028720509806337766,0.37911333568969663,4.809522343013766,3.8179574294459724,2.8234280830804006
IMG20200717083656.jpg,fully_ripe,train,33.29313576059947,0.9879076441769813,0.03068740843819438,0.39879966794187915,4.889054848650999,4.08933417503704,2.8778330759186024
IMG20200717083701.jpg,fully_ripe,train,39.858213686882806,0.9881198620703209,0.028150372040356093,0.38319405576920484,4.835714566851655,3.895590687686024,2.8359718749753795
IMG20200717083707.jpg,fully_ripe,train,28.230276740128552,0.990752223052098,0.03136703113787049,0.43172678799680436,4.936701731802,3.9892753052272036,2.869216278380695
IMG20200717083744.jpg,fully_ripe,train,43.630570372501346,0.9862172190864926,0.029300914598201326,0.3979571415530275,4.852476924587588,3.9258631205397956,2.849915459457568
IMG20200717083802.jpg,fully_ripe,train,51.75721813272098,0.9815882370228558,0.030161262855888413,0.38841153273190065,4.855630197537647,4.052053996253156,2.878097755901666
IMG20200717083842.jpg,fully_ripe,train,34.83595916377673,0.9862597380768057,0.030585420236861074,0.3949187469377565,4.872460996477101,4.131363394930662,2.8978412781737015
IMG20200717083846.jpg,fully_ripe,train,28.279184809860194,0.9878840278683187,0.03554980642623392,0.41875162650423275,4.935105520669551,4.175276386855564,2.9064219516956924
IMG20200717083900.jpg,fully_ripe,train,69.63792797658832,0.978473119769895,0.023573750517684556,0.320799138615545,4.7055125432088785,3.7840851185483224,2.8067793955619074
IMG20200717083943.jpg,fully_ripe,train,25.50225971946936,0.9904042703933364,0.028663763063667295,0.36637468303743503,4.786209477794129,3.8874590869724974,2.8439388841172777
IMG20200717083947.jpg,fully_ripe,train,31.855366002460293,0.9888413467773467,0.027901256804567003,0.3799233771594806,4.809622859358887,3.8559643021897947,2.8414082523819655
IMG20200717084008.jpg,fully_ripe,train,31.052613259533437,0.9883931140666538,0.02917232602775962,0.3996731390104722,4.875472867651751,4.089622296974472,2.888613057283483
IMG20200717084015.jpg,fully_ripe,train,33.14662342216839,0.9858331177293291,0.03096559070736589,0.3997429901473778,4.865771433937459,4.025968042789953,2.869950506532187
IMG20200717084021.jpg,fully_ripe,train,48.37397962229366,0.9830943953231278,0.028297950819245493,0.3759857538653749,4.816730132523811,3.9324068831271277,2.8568424328824786
IMG20200717084028.jpg,fully_ripe,train,36.84400828674685,0.9861697921617306,0.028945224963318573,0.39353430600486616,4.880692739372749,4.183947964539434,2.9055531297619654
IMG20200717084032.jpg,fully_ripe,train,32.45223259926979,0.9886632133067241,0.028983092105796672,0.4003112564451129,4.872797885245605,4.075498208303181,2.889256800630073
IMG20200717084053.jpg,fully_ripe,train,31.520045380230926,0.9894158292003967,0.03341919552822731,0.4223993634858534,4.958141313701119,4.290684985862735,2.9277188956607594
IMG20200717084058.jpg,fully_ripe,train,33.20087585669462,0.9883243332385705,0.028693246538876477,0.380595690517999,4.840627801861592,4.02845170454581,2.87240915655422
IMG20200717084102.jpg,fully_ripe,train,32.654576600783486,0.988434706422604,0.031333628517949304,0.38327878176929187,4.844628311755123,4.011948123444349,2.867799388840924
IMG20200717084106.jpg,fully_ripe,train,35.608195834248974,0.9865507241530227,0.02927968459687906,0.3785653651910487,4.801366135089533,3.7574657945541055,2.8105292025935356
IMG20200717084113.jpg,fully_ripe,train,27.462576688751454,0.99270072523684,0.029218704880628853,0.4181967775096947,4.943517753922378,4.1574116459596855,2.9014130739126327
IMG20200717084205.jpg,fully_ripe,train,30.201669146703615,0.9888214561484819,0.03210989929686208,0.41267320092759663,4.909872751206669,4.156949479200461,2.907608371360433
IMG20200717084209.jpg,fully_ripe,train,43.587573387834496,0.9838707069320667,0.02845633155430535,0.38358683910545166,4.831221555094976,3.961749087918959,2.855392304754212
IMG20200717084214.jpg,fully_ripe,train,48.752448843919865,0.9840575851262976,0.027645652822759118,0.3735308906237935,4.80936203871779,3.879214255669811,2.8337130681435747
IMG20200717084220.jpg,fully_ripe,train,27.778628328511655,0.9871994574412291,0.03123027474973601,0.38791809260433446,4.8464701992229475,4.07647406609133,2.8882630193971517
IMG20200717084242.jpg,fully_ripe,train,40.91342605227466,0.9870641553013225,0.028838452619416904,0.3891927287363112,4.8199688191620425,3.805110442427993,2.819021579599011
IMG20200717084253.jpg,fully_ripe,train,31.80295695164728,0.9882399825195719,0.030375457723475538,0.4150113201712147,4.905787936624739,3.961046132783397,2.849037893515513
IMG20200717084319.jpg,fully_ripe,train,42.437443144781994,0.9850369185139349,0.02895657097896205,0.3816177816365782,4.816170958701894,3.8808197931255344,2.841044982809359
IMG20200717084327.jpg,fully_ripe,train,43.07327534576933,0.9822307850185291,0.03142559190324215,0.3948132243424344,4.852106480317731,3.932642111431034,2.857990967753448
IMG20200717084342.jpg,fully_ripe,train,31.021770432434188,0.9905935456887341,0.031146375641839544,0.42655598746984846,4.926258518769532,3.98848139271095,2.86907577148403
IMG20200717084347.jpg,fully_ripe,train,27.438536535314434,0.9916604734793144,0.03243185842047491,0.42808534998106507,4.929924846680137,3.9628214024132355,2.855998709289396
IMG20200717084352.jpg,fully_ripe,train,24.617557079569295,0.9910762161757349,0.03315374725305503,0.4175071369644974,4.9005081237061665,3.9330517102295595,2.8548707805126052
IMG20200717084358.jpg,fully_ripe,train,31.631776788752667,0.988177085723119,0.030016984206235664,0.4046217557919452,4.872755974888946,4.0010819857177236,2.866982981108468
IMG20200717084402.jpg,fully_ripe,train,33.0887581266251,0.9852551812092926,0.03197388064115278,0.3865289854553134,4.8593675378550225,4.110573014856462,2.8898937382860432
IMG20200717084410.jpg,fully_ripe,train,33.84941071195283,0.988796533998424,0.029429770114796496,0.4091531777579657,4.896095803719209,3.998141703994659,2.8655754551067085
IMG20200717084423.jpg,fully_ripe,train,38.99904192844587,0.9848893991070576,0.028365204802218737,0.3564715902183985,4.779585500584654,4.012281929718399,2.8663439607760064
IMG20200717084433.jpg,fully_ripe,train,28.5172745872335,0.9913527991241055,0.031587081484128886,0.4133092806401661,4.896357370607749,4.008754270731717,2.8728029477774966
IMG20200717084442.jpg,fully_ripe,train,32.48214386570897,0.9878611805592128,0.03223110323863734,0.4179836057476354,4.914999799172591,4.071529434269149,2.890012066523939
IMG20200717084451.jpg,fully_ripe,train,33.04161948031849,0.9879269114892902,0.031534372303851095,0.4025887628117037,4.87433817669727,3.9587186746281486,2.8676533637530675
IMG20200717084524.jpg,fully_ripe,train,33.487698677959614,0.9852814737894173,0.030103143010381937,0.3846680086109463,4.8360512685782915,4.027664050216451,2.8740089591620612
IMG20200717084527.jpg,fully_ripe,train,37.31627802709199,0.9859154833271828,0.03024466576598204,0.3705506941542226,4.803080129246888,3.912018885937295,2.8403899483070405
IMG20200717084536.jpg,fully_ripe,train,36.90721464196697,0.9860575711766859,0.02800851254882044,0.36146864362061154,4.798441486521232,3.9356404578457282,2.845837922575744
IMG20200717084540.jpg,fully_ripe,train,29.944167537748918,0.9883610776001807,0.02916385793077126,0.3742686335215332,4.806432020709912,3.8541727974771884,2.839761340971215
IMG20200717084543.jpg,fully_ripe,train,28.495440569784442,0.9884234337559034,0.029286024946797627,0.37389429762990817,4.800509896630047,3.928256357073058,2.85485449733938
IMG20200717084601.jpg,fully_ripe,train,46.931651820633064,0.9855243054797445,0.028281182869556415,0.3647474218125008,4.785295543300317,3.84746433793836,2.8297550791958623
IMG20200717084608.jpg,fully_ripe,train,42.34475005036536,0.9843982482336542,0.025838803140465584,0.34188929025096837,4.752607841782708,3.8975453559968907,2.8342946610035846
IMG20200717084620.jpg,fully_ripe,train,31.804056861791214,0.9880046356256071,0.031588106078406626,0.4131001631043797,4.937052494165117,4.2448508557039535,2.920834286080454
IMG20200717084648.jpg,fully_ripe,train,49.12678785917629,0.9869747807803422,0.025527633799726238,0.3588097962507526,4.780766597541252,3.810216385428831,2.8149760935724775
IMG20200717084659.jpg,fully_ripe,train,41.396250161984135,0.9883520568618119,0.0274263311419177,0.3813821949749275,4.82434192267458,3.822285718489495,2.8151514367051282
IMG20200717084705.jpg,fully_ripe,train,59.81629728745794,0.9853878102323398,0.024542732542432152,0.3526215101365874,4.733534665552914,3.477669360537681,2.72955093754512
IMG20200717084709.jpg,fully_ripe,train,52.58304543711182,0.9882372868295111,0.02277637250112497,0.33974672047574045,4.683486866347318,3.3447844306981707,2.703046706700456
IMG20200717084715.jpg,fully_ripe,train,33.74734239599436,0.986956870169652,0.033373033811796717,0.4002865653789015,4.897483856136758,4.2029342554236875,2.9021553555794815
IMG20200717084719.jpg,fully_ripe,train,32.096614154087156,0.9891486232119067,0.0339163461031116,0.4134952850956305,4.909277897595655,4.052976465547908,2.880995655257526
IMG20200717084723.jpg,fully_ripe,train,44.49895632812954,0.9865470164868688,0.02672610776629936,0.3744417969781703,4.7964301631645885,3.7807740552605447,2.808365987834182
IMG20200717090609.jpg,fully_ripe,train,42.99171653717689,0.9841492770071923,0.030936083768446757,0.398361106387715,4.895952150797487,4.156295843046365,2.9020839352463366
IMG20200717090617.jpg,fully_ripe,train,48.109815036270604,0.9834332663562227,0.028781950352880628,0.40405871804480714,4.916982684372228,4.183772855159026,2.8935223380161785
IMG20200717090624.jpg,fully_ripe,train,42.38760290692718,0.9830910862625357,0.03135403690140014,0.4055064676900001,4.9139285981588205,4.2092172158682715,2.909756842971519
IMG20200717090635.jpg,fully_ripe,train,34.31818464400125,0.985510678023912,0.034269696531954524,0.39827838559812134,4.86822056092567,4.076748745410304,2.8844560550528597
IMG20200717090643.jpg,fully_ripe,train,36.24649256258732,0.9858430074369815,0.029794261455947754,0.38255871405984604,4.840581128014479,3.9924401455852463,2.858324110375002
IMG20200717090654.jpg,fully_ripe,train,38.409075301475895,0.9874559179547518,0.02764826206300572,0.38146715701649814,4.808064641291274,3.860698939367074,2.8370391029292406
IMG20200717090706.jpg,fully_ripe,train,49.73295676237989,0.9851762493310492,0.02650072118082981,0.3674077145807557,4.792252835041503,3.8346907705703694,2.8200680138847782
IMG20200717090711.jpg,fully_ripe,train,47.35901638156841,0.9835791512128818,0.027249823085958844,0.36897797089120987,4.793910519997353,3.7867721328019197,2.8114558514277004
IMG20200717090721.jpg,fully_ripe,train,45.817023072192285,0.9822349151891138,0.02732536688252222,0.35111442412684013,4.751727400042664,3.713905368821863,2.7946972129207706
IMG20200717090728.jpg,fully_ripe,train,31.01331030217355,0.9880954500230951,0.02907322177863971,0.3861043462736447,4.850638523803758,4.090054572400432,2.888966586302336
IMG20200717090742.jpg,fully_ripe,train,43.67051901896158,0.9800816055962063,0.028439659028032645,0.34593759892497805,4.744448,3.841298889581714,2.8257640485752495
IMG20200717090752.jpg,fully_ripe,train,54.114374006989124,0.9777429899472497,0.026724228455263507,0.33260847471491484,4.7146717872128585,3.7967614828460268,2.817565769811822
IMG20200717090759.jpg,fully_ripe,train,35.00337220156594,0.9860591903880036,0.026895744810528543,0.3524877143659525,4.741273389945142,3.667570573563341,2.7875997668306045
IMG20200717090812.jpg,fully_ripe,train,36.50638073557478,0.990036933104492,0.026361547167730006,0.3756963682005165,4.813512887791326,3.885773567938551,2.839713750740067
IMG20200717090824.jpg,fully_ripe,train,38.249629897118126,0.9866781422242878,0.02912064650410704,0.3918128543635229,4.879344563125193,4.088465134036329,2.879521369751507
IMG20200717090830.jpg,fully_ripe,train,28.420837633007537,0.9887502773091297,0.03138465597505759,0.41139558449140406,4.912016779735859,4.134816457668744,2.895323142935323
IMG20200717090837.jpg,fully_ripe,train,29.61141140454199,0.9900779577920991,0.03048202862654528,0.42619106221992586,4.940957902496364,4.055137743192238,2.881642400063508
IMG20200717090840.jpg,fully_ripe,train,34.12856611245943,0.9875358312158277,0.030940215356498768,0.403526849974449,4.876766268325494,3.961816363745568,2.8568977633132677
IMG20200717090844.jpg,fully_ripe,train,45.465275289550775,0.9813796247020801,0.029968465895002624,0.3658626340621653,4.802698433030186,3.9128333315841552,2.8401497269701377
IMG20200717090849.jpg,fully_ripe,train,38.25096803422254,0.9838274704646773,0.027773607933042677,0.34867149755242227,4.744455921903645,3.743923240137675,2.7980907679429095
IMG20200717090904.jpg,fully_ripe,train,40.3936203240949,0.9861726822988347,0.028519210108273227,0.38087641456480514,4.848313530088157,4.071759325232805,2.8739528350880015
IMG20200717090939.jpg,fully_ripe,train,37.01825889041158,0.9877463185232048,0.027555238656121247,0.3705224144181274,4.7916925418303,3.852226863897197,2.838429777361649
IMG20200717090948.jpg,fully_ripe,train,24.87682692515962,0.9907795827791162,0.03162154116615946,0.43257239674709663,4.9511497036573875,4.159963605835153,2.90608648448059
IMG20200717091002.jpg,fully_ripe,train,38.1198910254331,0.9868716257246998,0.028435015324677727,0.3858017822875973,4.84761772980951,4.007654603373676,2.8659568900160712
IMG20200717091035.jpg,fully_ripe,train,29.53040523399143,0.9876760125809987,0.03361753440698943,0.4069150625892952,4.913856313332574,4.2136426832138705,2.9114703977775815
IMG20200717091047.jpg,fully_ripe,train,45.97747007686638,0.9844589324277255,0.030174637253923598,0.3905985351838244,4.855243828155792,3.9756059000949295,2.8426154315981553
IMG20200717091112.jpg,fully_ripe,train,65.90971440853365,0.9787700457037605,0.028111976163607794,0.3802366897365332,4.863834541722835,4.131857918677165,2.8777933779211047
IMG20200717091115.jpg,fully_ripe,train,54.79221991560419,0.9826020925454262,0.028504288178307625,0.3928953082215059,4.8747190221972465,4.031871877125278,2.8615477887197676
IMG20200717091135.jpg,fully_ripe,train,34.8857408932606,0.9869557160326976,0.030251851424683476,0.40204962607406936,4.897006356563801,4.160702184684609,2.902908603878871
IMG20200717091159.jpg,fully_ripe,train,32.55682426482662,0.9841617269925028,0.030015255267889798,0.3575669886649266,4.790466175330405,4.033628082045151,2.8713877107388597
IMG20200717091212.jpg,fully_ripe,train,29.2697420592619,0.9897451469388049,0.03048797763984849,0.4121036262806359,4.914024744338035,4.068288134152823,2.8811634523059753
IMG20200717091217.jpg,fully_ripe,train,41.596044586584895,0.9846851448581689,0.03052187675139254,0.4054766953318214,4.9029483011117145,4.182372514288477,2.9023755923735113
IMG20200717091236.jpg,fully_ripe,train,61.460340122782085,0.982289567711739,0.022390392910745627,0.307769357098163,4.657516978550838,3.572821176178724,2.7539096940260266
IMG20200717091245.jpg,fully_ripe,train,37.04612369747556,0.9880895769773913,0.025646288975722985,0.3546780483912936,4.760545145477546,3.7495774858651116,2.804769285807554
IMG20200717091251.jpg,fully_ripe,train,40.97721266488527,0.9868135703719907,0.027858850974080897,0.37607724104332696,4.813848634445417,3.903310484612953,2.8447125724284996
IMG20200717091256.jpg,fully_ripe,train,33.328064610553575,0.9896186665985756,0.027411962769623936,0.381750720710909,4.820555265144915,3.82184887949886,2.8253826613747925
IMG20200717091304.jpg,fully_ripe,train,33.31406168903395,0.9895017737257599,0.028341949822931665,0.3774475058158455,4.808604701315506,3.8238739139711404,2.823895995544213
IMG20200717091309.jpg,fully_ripe,train,36.68919772132861,0.986635172068941,0.0278088876133789,0.35899700961709324,4.7570594987564565,3.6649611640512503,2.781960185876102
IMG20200717091335.jpg,fully_ripe,train,40.64460157271043,0.984368419198306,0.02838453062424711,0.3551156509669429,4.7544811845914055,3.7777576967624356,2.8193050714966206
IMG20200717091351.jpg,fully_ripe,train,36.44698521383191,0.982790213314785,0.028594997582230348,0.34204098918795034,4.715526648165173,3.702392636583989,2.8007312151166435
IMG20200717091402.jpg,fully_ripe,train,50.934651833452435,0.9843448138582152,0.026417627685042494,0.35249731470498724,4.761736836438032,3.881953252018405,2.832715795036491
IMG20200717091414.jpg,fully_ripe,train,35.61185092122621,0.9886003056597712,0.027482190587255713,0.379525060021219,4.830546719353667,4.000575301806801,2.8637357746265635
IMG20200717091422.jpg,fully_ripe,train,36.24502894324294,0.9890502930915541,0.026838558647041395,0.3818779336763216,4.8405956001980615,4.077405544673292,2.8785563072680422
IMG20200717091428.jpg,fully_ripe,train,45.9001580963326,0.9842538446441179,0.02705133557711067,0.3633779056367201,4.796186073389194,3.9827881121550814,2.8544943073755036
IMG20200717091432.jpg,fully_ripe,train,49.871071555103185,0.980623221481107,0.029265810169194773,0.3604940152367006,4.798254312571015,4.057336070435126,2.8705613633637963
IMG20200717091452.jpg,fully_ripe,train,45.01502597429588,0.9869169712928048,0.02848721694072261,0.3957302850347397,4.86412141332701,3.891837422798587,2.841483592688296
IMG20200717091524.jpg,fully_ripe,train,51.770459484024165,0.9815795867446323,0.02672315777146228,0.350178415431977,4.737385806387374,3.5941906319514803,2.764350748119517
IMG20200717091549.jpg,fully_ripe,train,27.63936980573572,0.9902559002791514,0.0301038614427194,0.4161959856531191,4.9111628476902345,3.9942829389260406,2.869497906845559
IMG20200717091600.jpg,fully_ripe,train,24.444343528797024,0.9880406117514429,0.03007499214046183,0.3725098314538191,4.782734208026597,3.7123464542893214,2.8015157760327107
IMG20200717091605.jpg,fully_ripe,train,40.01607424080914,0.9847056445468708,0.02676802537736694,0.3527218452372163,4.735246015459861,3.570232113962993,2.767010512414135
IMG20200717091613.jpg,fully_ripe,train,35.199708818275454,0.9880634105264008,0.026288031364164546,0.3624203867535691,4.780678323718884,3.858170214684082,2.840119498402939
IMG20200717091626.jpg,fully_ripe,train,43.29633222924572,0.9838944798638122,0.027787851998139927,0.35199596961440777,4.748077451789011,3.7386244998729454,2.80884133951969
IMG20200717091647.jpg,fully_ripe,train,37.866905948602636,0.9885008124351504,0.02749910449338727,0.3872168916623009,4.866382634176435,4.160335017687324,2.9000615168313795
IMG20200717091702.jpg,fully_ripe,train,50.59959106729465,0.9857606291183643,0.025898625136805603,0.35555408953818624,4.792022900763358,4.013329495658761,2.864660522708357
IMG20200717091707.jpg,fully_ripe,train,43.132976370354655,0.9882954158280908,0.025202577150713723,0.3550426693462865,4.782575534808498,3.9693130166976394,2.856816895305897
IMG20200717091712.jpg,fully_ripe,train,41.076804654771706,0.9865594959534606,0.026468438903780013,0.3423027591494224,4.737573964497042,3.87784333119824,2.8402237443310066
IMG20200717091718.jpg,fully_ripe,train,35.35907158222972,0.9880739923036946,0.0281111649870464,0.3731511544981916,4.820871416510664,3.9589748747411084,2.8576207314078315
IMG20200717091725.jpg,fully_ripe,train,34.10225749646034,0.988080405583539,0.030816403464587694,0.41124033486673306,4.91090707844169,4.151758337811846,2.9049232271073007
IMG20200717091728.jpg,fully_ripe,train,36.2514751375062,0.9896512205779342,0.02742621436220559,0.3857596294036074,4.855525580955085,4.087859216641748,2.8880543136035097
IMG20200717091739.jpg,fully_ripe,train,32.14154040150653,0.9877374809738332,0.03300222228469378,0.4128861963344704,4.913843841300758,4.160178843887315,2.9046902918232256
IMG20200717091745.jpg,fully_ripe,train,31.479269248172173,0.9866047175148401,0.03484077238454191,0.4036366919478204,4.89467740097189,4.123697282033294,2.894481438674596
IMG20200717091748.jpg,fully_ripe,train,39.09576316399004,0.982651496350277,0.031159094965470334,0.3940660721701955,4.860237538499573,4.037966016567561,2.8745436287318444
IMG20200717091754.jpg,fully_ripe,train,39.014235494575885,0.9820968204196142,0.029691089528884464,0.37919647185844635,4.827788265333959,3.9626174874622233,2.8553955714621595
IMG20200717091801.jpg,fully_ripe,train,28.017704971607767,0.9902175659657466,0.03221689205283905,0.4173411143227209,4.921011957151751,4.08148602486615,2.889813370802001
IMG20200717092037.jpg,fully_ripe,train,26.669982239735468,0.988713983475529,0.032431814605223465,0.4230934221381872,4.963717754296048,4.32754314888956,2.9387992323978414
IMG20200717092040.jpg,fully_ripe,train,26.096622473035993,0.9892174529143468,0.032955429551513094,0.4134431268086056,4.9276600734891725,4.273658343053673,2.9308977306210835
IMG20200717092046.jpg,fully_ripe,train,30.07299443650276,0.985862293595372,0.03183800650476061,0.39365235228240125,4.875543080302661,4.116501362780813,2.890992880820077
IMG20200717092052.jpg,fully_ripe,train,30.028670844297437,0.9887917069303804,0.029966308147357998,0.39538805006188693,4.8582092626618,3.94577629543909,2.8591409835842025
IMG20200717092106.jpg,fully_ripe,train,31.944265371381576,0.9892386526639374,0.02882978307608785,0.3965718789329787,4.878241464685953,4.099945513235071,2.885233232619699
IMG20200717092152.jpg,fully_ripe,train,50.197348170265165,0.9873217164950233,0.024607201197546745,0.3644344132305726,4.781248274872203,3.733418039261623,2.8001567857558265
IMG20200717092159.jpg,fully_ripe,train,42.9888856362268,0.985543274103544,0.027294023839411527,0.3699567177227548,4.796488261530167,3.7513707976247925,2.7895866365032083
IMG20200717092206.jpg,fully_ripe,train,30.371440184250783,0.9856332607627094,0.03237777380462841,0.38799519591317233,4.8512614437691655,4.042393685125951,2.874981042923195
IMG20200717092228.jpg,fully_ripe,train,44.63422386681668,0.9885067841562689,0.025050425420851237,0.364128066318187,4.7796775240774805,3.7217089414468827,2.7995157282107774
IMG20200717092238.jpg,fully_ripe,train,53.75010497884868,0.9874260136425883,0.024600590643455607,0.3646027137964196,4.792885463785112,3.801611303294031,2.80978549030319
IMG20200717092255.jpg,fully_ripe,train,39.30008168226501,0.9835437533798695,0.03209004944361396,0.42046001136792543,4.931015189752869,4.135079675070448,2.893956325159652
IMG20200717092258.jpg,fully_ripe,train,32.56433426879669,0.9860542870425121,0.03385212380745643,0.4191711482668873,4.9294635238316875,4.14063006670422,2.8946346672781473
IMG20200717092304.jpg,fully_ripe,train,34.62262876389264,0.9870128100681581,0.03183773423969913,0.41539128271976733,4.914185841937127,4.06240767896803,2.8882178302462664
IMG20200717092310.jpg,fully_ripe,train,36.03746603050244,0.9859777151399787,0.03195161901983163,0.41983066018674037,4.938338765615394,4.155176236507388,2.901028386452074
IMG20200717092316.jpg,fully_ripe,train,53.90134440078191,0.9820029996824015,0.03026403150668409,0.4168695044204487,4.9262792410479435,4.0637500659821635,2.8793632294344778
IMG20200717092323.jpg,fully_ripe,train,50.53680844653144,0.9836125807535634,0.028907067492510066,0.40766398561104483,4.916296180900909,4.180473448736269,2.903831802899704
IMG20200717092329.jpg,fully_ripe,train,42.55540605348213,0.9823202234593097,0.03208987600936595,0.41335983633320506,4.925245984454471,4.188065036392875,2.90424014524759
IMG20200717092335.jpg,fully_ripe,train,36.542273690323164,0.9873077408348541,0.03271159706996133,0.41796518399011284,4.922977041987083,4.057882008864335,2.8774884849938767
IMG20200717092348.jpg,fully_ripe,train,40.95317322780426,0.98767155698401,0.027799454819874222,0.39592680754146176,4.866626682160663,4.00700195181096,2.864179680129626
IMG20200717092355.jpg,fully_ripe,train,37.604227140573855,0.9864078892848316,0.03123999748487298,0.4092658624952378,4.899442807201747,4.063337477230219,2.8826420159572534
IMG20200717092414.jpg,fully_ripe,train,45.79618199735626,0.9835379352999869,0.027641474215032553,0.3549831905962773,4.781875598522505,3.94885341131072,2.850754544630032
IMG20200717092418.jpg,fully_ripe,train,57.27165863384984,0.9801209419675733,0.025550331083186148,0.3499364357624449,4.758268400357031,3.7857869998740172,2.8118568152266623
IMG20200717092424.jpg,fully_ripe,train,45.386858191083306,0.985864682607564,0.027782614539588944,0.38731705020620655,4.8436978911230995,3.9609546434040865,2.860149993866718
IMG20200717092429.jpg,fully_ripe,train,51.885995163264155,0.9805204825052694,0.030176991365622494,0.38615813917457287,4.828376229459921,3.8574408582747046,2.8265356857498403
IMG20200717092448.jpg,fully_ripe,train,73.67090746292874,0.9791849435228163,0.022892587306157598,0.313849696378108,4.68987555998009,3.8922548874514664,2.828921517753504
IMG20200717092454.jpg,fully_ripe,train,47.708192974047165,0.9868688557547489,0.02967828488494978,0.37618196715868185,4.834150394682177,3.9963687179990823,2.860945101621858
IMG20200717092458.jpg,fully_ripe,train,30.349846276409288,0.9888917989485562,0.030230998133508075,0.3883307526749158,4.852513791312698,3.9995888335620164,2.864262147801162
IMG20200717092504.jpg,fully_ripe,train,49.49345947545842,0.9831601121727588,0.025203722496218585,0.33884557472477644,4.731698556464844,3.729841324747603,2.791067770891301
IMG20200717092509.jpg,fully_ripe,train,44.90293376834279,0.9851107662898386,0.026181320334651707,0.34478612190117025,4.733911667621464,3.797598668903068,2.8233458942528156
IMG20200717092518.jpg,fully_ripe,train,57.22213841100965,0.9849056352198602,0.024392351814771937,0.3439214679102001,4.744299917397319,3.858195059540503,2.8349864728500638
IMG20200717092542.jpg,fully_ripe,train,49.449348136541104,0.9862712592708661,0.026107825527625243,0.3709467265359991,4.802766659409489,3.88434598227907,2.8398057648645647
IMG20200717092548.jpg,fully_ripe,train,34.26858127236183,0.9869888318036815,0.029337079534569977,0.3806604490779444,4.812314061294842,3.856075598700579,2.8338140668026766
IMG20200717092555.jpg,fully_ripe,train,28.63257403693607,0.9880695696178768,0.0291353213461319,0.371425283381867,4.799254712115919,3.8996124937382977,2.848794559624769
IMG20200717092609.jpg,fully_ripe,train,54.14227316924043,0.9811658480445751,0.025946513784493103,0.35764431318597595,4.779884583676834,3.8901400017638803,2.8330242617865427
IMG20200717092613.jpg,fully_ripe,train,51.753018974824585,0.9862577823468448,0.025464351311588074,0.366496086984187,4.779859107112545,3.826253655246801,2.827012518615559
IMG20200717092630.jpg,fully_ripe,train,28.29494684784234,0.9885801909455252,0.03005375690802335,0.3991382146561213,4.89193278900413,4.139409610900438,2.90012424614694
IMG20200717092703.jpg,fully_ripe,train,30.28974321578992,0.9884213781372346,0.0293125734163783,0.38469344039682485,4.8270254161522415,3.8513220769648155,2.82953490067889
IMG20200717092708.jpg,fully_ripe,train,27.57790668300192,0.987897536985761,0.03194782838727725,0.40232753031595314,4.910296145035399,4.198954140942402,2.9062468065915885
IMG20200717092723.jpg,fully_ripe,train,42.46997825451569,0.9860176320782209,0.02625281208855101,0.34843286029849807,4.735916188970152,3.7090478192039953,2.8027862012153304
IMG20200717092728.jpg,fully_ripe,train,32.692157414585154,0.9872728999406681,0.02936044569378762,0.3659433588483858,4.782242214252427,3.8402682121972487,2.8325684779000455
IMG20200717092746.jpg,fully_ripe,train,37.5820206792285,0.9863780377999627,0.027693585638644828,0.3634323049231536,4.785332364456688,3.8484440147250227,2.828306435417865
IMG20200717092801.jpg,fully_ripe,train,33.003269955432025,0.9851169321820932,0.031197294286369765,0.3714667134840001,4.799957216963474,3.8965677290643117,2.837153676575501
IMG20200717092805.jpg,fully_ripe,train,37.83716721797191,0.9823082255212805,0.03050087612142871,0.36493091198990135,4.774526818710823,3.8368642354375244,2.825594076020137
IMG20200717092809.jpg,fully_ripe,train,42.412365802530275,0.982471058235791,0.028066534562840063,0.35123811409931593,4.750332575654415,3.7870486863599253,2.8157427936508967
IMG20200717092830.jpg,fully_ripe,train,29.940783963530414,0.9875599455815152,0.03530222141506747,0.42530877618179375,4.946446961894954,4.159850918659669,2.900550535450057
IMG20200717092838.jpg,fully_ripe,train,28.92371211357171,0.9894274168443853,0.030560138864204243,0.39999498961120694,4.8533071130509855,3.8083819115811366,2.823457230232766
IMG20200717092844.jpg,fully_ripe,train,49.45674771328586,0.9819682547469407,0.027714989989065023,0.3571343123772856,4.759490427853312,3.6996489836639945,2.7954355447069568
IMG20200717092856.jpg,fully_ripe,train,31.068812536327098,0.990093772210004,0.03155076255449144,0.4212502654886712,4.9383975812547245,4.120543766343356,2.895869742252887
IMG20200717092859.jpg,fully_ripe,train,28.331514927451643,0.9894020157573201,0.03454158596639791,0.42904522308979653,4.952780489601945,4.182107844776927,2.9037305648325082
IMG20200717092916.jpg,fully_ripe,train,36.60499697386068,0.9876518854260474,0.02827591237789654,0.38296282188814534,4.825978134636178,3.869860557609287,2.834451298133849
IMG20200717092923.jpg,fully_ripe,train,34.80981555907961,0.986776575722642,0.02899785224675732,0.37226012680578563,4.79593367295609,3.7972220941766857,2.8196033373708276
IMG20200717092937.jpg,fully_ripe,train,27.084874571653913,0.989629448278087,0.029369127635505952,0.3745619719118258,4.800256162224133,3.7924057096746955,2.821887095237584
IMG20200717092941.jpg,fully_ripe,train,34.499492282457524,0.9867156372626733,0.028390774089150424,0.3780654597540414,4.7930245314066315,3.7062107288907487,2.8092075560837904
IMG20200717092951.jpg,fully_ripe,train,35.14663219194333,0.9885798451154917,0.028905288160784505,0.39591049280638985,4.8599187542315505,3.9038417962814145,2.8446880873804608
IMG20200717093009.jpg,fully_ripe,train,42.77612136921471,0.986987301740768,0.02630059405433565,0.37104925405868333,4.830300357851534,4.070111517064303,2.877276423075118
IMG20200717093015.jpg,fully_ripe,train,47.54336075060188,0.9864858459237653,0.024628005739503377,0.34551932358917276,4.757062146892656,3.838856974431858,2.826945684867103
IMG20200717093036.jpg,fully_ripe,train,37.69564124097709,0.9855143869540435,0.027875554876045414,0.36153769845076933,4.777438116920206,3.7865816321101335,2.812498960943131
IMG20200717093050.jpg,fully_ripe,train,32.34777573044032,0.9881417079810078,0.030130147248424752,0.3819747059781706,4.842405542754332,4.041852222896584,2.878241279260479
IMG20200717093116.jpg,fully_ripe,train,31.7560294009174,0.9881544175576057,0.02965471392123894,0.3765862402715453,4.796129259063954,3.7636322470649564,2.8120562809096077
image_0_1014.jpg,overripe,train,53.871771339729946,0.9874476230878129,0.019778648190153472,0.2783297001463902,4.609820363654066,3.8030637483699774,2.805439196764373
image_0_107.jpg,overripe,train,61.21577368874718,0.9801882811778251,0.024015673924274616,0.3219969913687195,4.716166964654105,3.990050369958957,2.849258074267098
image_0_1113.jpg,overripe,train,42.91288456219499,0.990455655288412,0.022176404938163658,0.3149054571301487,4.6580106728724475,3.538004580875537,2.752040556008409
image_0_1156.jpg,overripe,train,51.460042082947794,0.9868023742805204,0.021766888213936488,0.31055835113303804,4.674573141989211,3.7767572354322114,2.793104727922533
image_0_116.jpg,overripe,train,52.89616671714434,0.9827268336748152,0.022232128656623003,0.28887053387623207,4.65247568384274,3.998132071751259,2.8508043126705918
image_0_1338.jpg,overripe,train,66.49104820190277,0.985499784728654,0.020731794422175785,0.3114936205517566,4.676575760173404,3.6430485814675624,2.760603321015701
image_0_1358.jpg,overripe,train,38.481310838342004,0.9833991730241999,0.025952990899719714,0.32420208451951504,4.685927180085135,3.6274729643409866,2.7618766579898772
image_0_1390.jpg,overripe,train,52.71242473819676,0.986865478141297,0.019874159148110214,0.2714020335819532,4.595855916789295,3.6685004073949337,2.7752893633662725
image_0_1450.jpg,overripe,train,39.5394246749198,0.985989691101155,0.027628573272930897,0.3752826124435922,4.7803783170611105,3.5368585687366636,2.746099299219978
image_0_1519.jpg,overripe,train,60.74739873118987,0.986345250493632,0.02023267950947689,0.28116728796621543,4.616277477591346,3.7089729915013567,2.770120764071965
image_0_1524.jpg,overripe,train,43.539485843108594,0.9877691500180894,0.0218267626072697,0.3022314243079878,4.623310944290794,3.360436449737986,2.6898531214562267
image_0_1538.jpg,overripe,train,38.19856977122383,0.9848111651968288,0.027454770669773067,0.3424654130641687,4.786750726268879,4.126251213859991,2.8776769986795827
image_0_1542.jpg,overripe,train,59.97001625479739,0.9857532489621407,0.023094976867436633,0.3197511852893896,4.694962370330192,3.891741973746166,2.8262317724751878
image_0_1550.jpg,overripe,train,52.02215832091133,0.9864439617420747,0.02084616601426286,0.2891098067019118,4.6355206240551805,3.786445131157298,2.8021435043281535
image_0_156.jpg,overripe,train,66.18154298548863,0.984867594220792,0.01992284557422933,0.2835155585086734,4.62019617481455,3.6801636580030634,2.767269291327513
image_0_1585.jpg,overripe,train,50.60926636807086,0.9844179424798583,0.022045785282371493,0.2978960479424935,4.675770314508996,4.002240402895068,2.853934240959879
image_0_1589.jpg,overripe,train,65.65728249188642,0.9801338909190201,0.02302376080914412,0.31393047889285486,4.697903634642791,3.950501909578831,2.8307209860431177
image_0_1592.jpg,overripe,train,40.66927377085578,0.9846552666231698,0.028219982914228794,0.3774416324942347,4.787171870615669,3.526145199040767,2.741124572146918
image_0_1787.jpg,overripe,train,45.3886971579401,0.9763950850361279,0.027591190830837557,0.32608673539296423,4.749513323759374,4.226836766497122,2.904238055822346
image_0_1788.jpg,overripe,train,27.86430423728421,0.9867300824008594,0.03225188889830008,0.37450416004921,4.854383715787647,4.287119947327965,2.9228449839639903
image_0_1796.jpg,overripe,train,45.67295527276071,0.9835721436606765,0.023379400087817328,0.29571769952681765,4.643227130192405,3.884551608006936,2.8315897110924535
image_0_1830.jpg,overripe,train,52.874719207033976,0.9889476982025113,0.020336649968590085,0.2952127203656637,4.650305636878594,3.7754089402776767,2.7889289488517144
image_0_1839.jpg,overripe,train,71.07656546618276,0.9830963951872616,0.0209323445271904,0.3059721299179497,4.665805158140233,3.7327990165503633,2.7847604468670153
image_0_1856.jpg,overripe,train,43.883587245508835,0.9876994594568745,0.021764503559984872,0.3009357542640978,4.623642409737526,3.389313946266468,2.691289750100398
image_0_1863.jpg,overripe,train,56.01837793963742,0.9786916230895654,0.02533565320786942,0.3123642995221125,4.716130534460524,4.103094154618585,2.870937813151037
image_0_1886.jpg,overripe,train,45.538489779048255,0.9897798164441342,0.021706090968705023,0.3147074451748236,4.660088174688114,3.5890827326689725,2.7564407984481125
image_0_1895.jpg,overripe,train,44.39278826829632,0.9849667362119129,0.02585827739729588,0.3443120844026314,4.7301876696855,3.6208855377968745,2.7726842607776803
image_0_1912.jpg,overripe,train,34.30952738940082,0.9876199732938279,0.027585164974163946,0.3773957560588202,4.784595414930267,3.569179171046387,2.762077823376338
image_0_1934.jpg,overripe,train,54.20700627548159,0.9882625324216645,0.019520247157952527,0.2792453100497795,4.619026806526806,3.7976284623738734,2.8053159866526887
image_0_1952.jpg,overripe,train,77.42370926411147,0.9801664235472736,0.018830324285079872,0.25075007068685,4.561100105860034,3.861879559925048,2.8209615319925887
image_0_2070.jpg,overripe,train,42.51358236024722,0.9891680190593642,0.02519747669385565,0.3175366835673515,4.6256046347243975,3.161667308808057,2.6277502140503652
image_0_2095.jpg,overripe,train,38.643099502339936,0.9864176991703375,0.026881917882112145,0.3590979309836097,4.750515463917526,3.4170792691014142,2.71452518569931
image_0_2116.jpg,overripe,train,69.6244982128126,0.9832162001782572,0.02096431347296862,0.29645339354492933,4.6095288076933985,3.254485242219959,2.652103757304791
image_0_214.jpg,overripe,train,29.267575016902484,0.9860063545069584,0.032061650766459435,0.37297681959115214,4.8434120139288686,4.286034730338984,2.9225518527156438
image_0_2154.jpg,overripe,train,56.483911828121805,0.9851681973165571,0.020043365482790412,0.27081399934096384,4.604257721445221,3.772183212134435,2.793450567955649
image_0_2156.jpg,overripe,train,49.97626957102992,0.9837240849196913,0.0233976123981417,0.30855746003286033,4.636265278058928,3.4130932170958785,2.715983004267423
image_0_216.jpg,overripe,train,69.43420886450647,0.9836049562894809,0.020210436184527412,0.2901429960977424,4.625858819003654,3.580110702129861,2.7388175402478323
image_0_2168.jpg,overripe,train,37.340263098236626,0.9853751217360781,0.02706040403159452,0.33764303295772735,4.772797550591407,4.2115152953357065,2.898855853569583
image_0_2178.jpg,overripe,train,63.38857456215969,0.9847848438847837,0.020873443402813663,0.29250015148502834,4.638326206827049,3.8196736463929186,2.801774604500973
image_0_2198.jpg,overripe,train,47.26732533251639,0.9844731914279214,0.025849967906226665,0.3545659903220288,4.728013228809407,3.467314230104273,2.7214286952303994
image_0_220.jpg,overripe,train,58.73929788330565,0.9863913273411214,0.019773991980203683,0.27636550371582047,4.609000570270696,3.762500981314209,2.794305962886431
image_0_2210.jpg,overripe,train,35.15655685459088,0.9878693368576089,0.027110955475267748,0.3496972719813458,4.817813997349373,4.314926060417795,2.9198947153374673
image_0_2216.jpg,overripe,train,31.829482622423875,0.9888048192885971,0.027151471078239064,0.3519066445045728,4.819392692646069,4.343765361136893,2.9301965779149177
image_0_2273.jpg,overripe,train,37.48305294507645,0.9838988385598944,0.027250435380322666,0.31869334278281997,4.690853992642043,3.8196221441016913,2.8197688953500712
image_0_2351.jpg,overripe,train,59.445203327675415,0.9812572133927027,0.022272155578808003,0.29528474402504523,4.6818875465528205,4.11349244952154,2.8774989990876816
image_0_2402.jpg,overripe,train,76.39757061416638,0.9805619438670419,0.01880967267140535,0.25106842149538583,4.565672065330489,3.8247385424635816,2.806588696182245
image_0_2415.jpg,overripe,train,51.46428793488336,0.9874514144373263,0.02151548346982268,0.31117910810067995,4.680581533752763,3.8145676604581817,2.802220217261918
image_0_2457.jpg,overripe,train,57.06185431994308,0.9877456637312054,0.019351288880369293,0.27180726173389436,4.59938012162765,3.801121345148849,2.8091321556014153
image_0_2528.jpg,overripe,train,55.65002913796148,0.9882615951463927,0.019261736095602413,0.27564382250324976,4.592371914578232,3.747320375489011,2.7917968520477308
image_0_2537.jpg,overripe,train,66.80218822809618,0.9791866940461057,0.024396471328760473,0.33127371039515374,4.697829532143595,3.5638711245271493,2.7508059605216446
image_0_2554.jpg,overripe,train,32.928375916636796,0.9880154692915198,0.02788893297134685,0.36048080614729805,4.809272707759454,4.147195525136792,2.892843649036984
image_0_26.jpg,overripe,train,48.29475365121098,0.9875688121468772,0.021871364415529757,0.31313654550835485,4.680442833504058,3.7623803675525207,2.7898582198433504
image_0_2600.jpg,overripe,train,51.44217061149301,0.9832398867567197,0.024369028210506093,0.3328404417801213,4.730534782881921,3.7971106666176433,2.810751828359722
image_0_2670.jpg,overripe,train,39.403450399464056,0.9820586990311428,0.025737213349013126,0.3089344715057243,4.66893054349429,3.759549673060803,2.8026792357350563
image_0_2678.jpg,overripe,train,50.27732084421246,0.984443424092929,0.022112793382241813,0.2982726238023292,4.672279792746114,3.950725423576926,2.8441788201462876
image_0_2722.jpg,overripe,train,67.36907790700795,0.982492884334892,0.01985348214573677,0.26689039091174027,4.593523379784735,3.8195945280600125,2.809809710102365
image_0_2777.jpg,overripe,train,65.18038672640517,0.9855684514551266,0.02106012302033049,0.3126244592145023,4.674325905699937,3.6497143354452337,2.7650587025185867
image_0_281.jpg,overripe,train,41.24660030661397,0.9744175559199009,0.030822244013213207,0.34287619244209416,4.791137562630896,4.3127429624662,2.925296523387732
image_0_2832.jpg,overripe,train,29.53324025813354,0.9894328003725024,0.02835784911586769,0.36604183137802027,4.83017575630935,4.203903335644047,2.898456217907615
image_0_2839.jpg,overripe,train,69.60872112461799,0.972359407780171,0.025572937587851292,0.31332538091013556,4.727774529087591,4.106293059080824,2.8668607815329747
image_0_2858.jpg,overripe,train,54.8169886735836,0.9847995381639563,0.024045082001101947,0.34018390562303435,4.71401712136971,3.607812961063767,2.7618212891019436
image_0_2876.jpg,overripe,train,38.232772043132044,0.9907459004267825,0.025459060957272194,0.32153721777002425,4.630492834673191,3.2118181772468057,2.650137296126965
image_0_2886.jpg,overripe,train,40.14295141406325,0.9893041904180437,0.025516516347703085,0.3744013350480093,4.8280374249157045,4.055215510557038,2.8749425475016386
image_0_2893.jpg,overripe,train,44.23759294114501,0.9885032934062468,0.0236299426601537,0.339384467829429,4.710328105238567,3.5765218132891365,2.761498941586779
image_0_2965.jpg,overripe,train,27.838530727727697,0.9865170472486849,0.032346522773118384,0.3743053944968605,4.85640420138442,4.305591893878254,2.9250324648989103
image_0_299.jpg,overripe,train,45.07574467722707,0.9896556576104243,0.02213792360217601,0.31239701184373225,4.680778301094486,3.835626481597998,2.807539732814096
image_0_301.jpg,overripe,train,50.162923960900734,0.9826999166905761,0.025336731679303278,0.3504829095291581,4.720684871495327,3.475465827680007,2.724491437594082
image_0_3066.jpg,overripe,train,48.904034886482265,0.9804779004519895,0.024478806388854024,0.3009092800311602,4.703478755524439,4.137060930247048,2.8869068179137223
image_0_3069.jpg,overripe,train,51.694790482701926,0.9831849194346727,0.0221531788154748,0.28800892897235425,4.644524744457517,3.9563964375647656,2.843114313944893
image_0_3083.jpg,overripe,train,78.32959982617731,0.9731556218943302,0.01995352677796421,0.2287207386712648,4.503196094489529,3.5692269766712315,2.749099396062069
image_0_3102.jpg,overripe,train,69.33802309228456,0.9820368939075712,0.019816508633880556,0.2670076416845177,4.601596965257961,3.830292710457772,2.8138631654491517
image_0_3153.jpg,overripe,train,45.54726833252518,0.9831510695437592,0.02538040992064193,0.32007893630562523,4.706329636039203,3.8842301759271174,2.8299634024579174
image_0_3157.jpg,overripe,train,63.79493137111896,0.984471854522494,0.020023885146471427,0.28296854804960786,4.623922650998188,3.7081687535545287,2.790541197667383
image_0_3178.jpg,overripe,train,55.72038307422636,0.9778635754312125,0.025825604497006684,0.3129645206609952,4.714454393387779,4.099351597557313,2.865424602361545
image_0_3180.jpg,overripe,train,73.14390688630594,0.9786689268267459,0.02072528162683383,0.27917249025261154,4.644392677452639,3.940035651146347,2.8285663249044775
image_0_3190.jpg,overripe,train,36.63058529180216,0.9845514182569003,0.025847465858347858,0.32256371688280494,4.681453417737707,3.598349035348477,2.7507333622312027
image_0_3193.jpg,overripe,train,70.56065279558202,0.9830334494063159,0.0208442116475569,0.3019837813906477,4.657299637604215,3.6893906021740377,2.777553325977537
image_0_3295.jpg,overripe,train,34.40811151667433,0.9877807796985558,0.027709746569372782,0.36057939245970505,4.813104695980493,4.165523510895405,2.896018903257852
image_0_3299.jpg,overripe,train,52.7740455026444,0.9891442980844417,0.020260410560054086,0.2951509872633114,4.65092433771679,3.80376081893693,2.7964337186192316
image_0_3315.jpg,overripe,train,57.02489416659539,0.977511346116976,0.025182389765055463,0.31426021957419403,4.707459374328871,4.065110797708851,2.864031917814727
image_0_3328.jpg,overripe,train,38.41632914014923,0.9899709606538414,0.025560408768448714,0.37460140988606505,4.831528655310218,4.104211007411553,2.8809275202655638
image_0_334.jpg,overripe,train,55.43579138543369,0.9763193529487907,0.026728524862024743,0.3158364379064382,4.712364037622826,4.02052564757975,2.8481224965600944
image_0_3342.jpg,overripe,train,60.039643910105674,0.9838088183907302,0.022771128394535232,0.3259036490314899,4.716824004073798,3.8696409608778377,2.8241006375549267
image_0_3436.jpg,overripe,train,44.744682029035914,0.9877047105616096,0.024110923177822294,0.34087609662531726,4.724855528600099,3.6536806399083614,2.7755834149270555
image_0_3503.jpg,overripe,train,55.3532509204605,0.9844544167581375,0.023398482986924887,0.31683408132531904,4.619115266182026,3.038801934620123,2.607239189961363
image_0_3513.jpg,overripe,train,66.53844149940828,0.9791550785274112,0.0236627676065923,0.30751467337594285,4.6939104619839105,3.9824696521196516,2.8441465368097165
image_0_3601.jpg,overripe,train,38.95476887267995,0.9855295901186365,0.02705231555659223,0.3458359876379173,4.764844282087797,4.061392189340356,2.8794958589519872
image_0_3615.jpg,overripe,train,45.67582102465042,0.988116836354866,0.021683861250406958,0.3085362766063635,4.665197096928292,3.7784547665595127,2.7986259469666406
image_0_3622.jpg,overripe,train,39.29387807098521,0.9824973361268162,0.02782818699250369,0.3448701209339149,4.779335316811613,4.123714408127601,2.889065512785097
image_0_3660.jpg,overripe,train,66.8433516934211,0.98061017742913,0.02305031559142729,0.3118511493265957,4.678706873132301,3.855336333799541,2.8150705958113607
image_0_3687.jpg,overripe,train,43.03633146148516,0.986941163060435,0.025344008855498288,0.34832051214863424,4.756831233535046,3.883276058364656,2.811407479677041
image_0_3715.jpg,overripe,train,79.92663520083262,0.9734539556952605,0.020110532208444575,0.22839373337403568,4.504824687111875,3.5787666760050922,2.747555504958123
image_0_3759.jpg,overripe,train,52.86295109770302,0.9837769965615374,0.02353351562185492,0.32012046001443795,4.672845502839989,3.638158582032904,2.7709068842684745
image_0_3761.jpg,overripe,train,40.427500838235765,0.9800902820400099,0.027105067226577427,0.32605767167387184,4.758247315107637,4.25819635339225,2.9116998860445493
image_0_3763.jpg,overripe,train,67.93439211871026,0.9832344024496493,0.02153889108378014,0.29909568920690405,4.620200927796909,3.2636702445128996,2.650971519344626
image_0_3797.jpg,overripe,train,36.39539637160509,0.9876098368626743,0.02692080294236425,0.3491255064438348,4.808774333322713,4.336555374792205,2.9266170906897275
image_0_3799.jpg,overripe,train,65.27264158836057,0.9851190904639883,0.019759520305872046,0.2831952231536147,4.619134027525753,3.6649464151624427,2.762387670848884
image_0_3857.jpg,overripe,train,42.97516843910336,0.9866244413227045,0.02553361944601072,0.3474079852177513,4.725405812765873,3.5790250356194284,2.770197727397064
image_0_387 (2).jpg,overripe,train,30.636801039755674,0.9891426000256447,0.028368789875951844,0.366028303705969,4.82689790196828,4.172424477243829,2.894614891891257
image_0_3891.jpg,overripe,train,63.417788599830054,0.980278472396302,0.02373565931197635,0.3282306493105807,4.73733918128655,3.884391360589583,2.8285579669447847
image_0_3905.jpg,overripe,train,42.215338099096456,0.9885265213528791,0.025893533830277322,0.3760717931097704,4.849812069907764,4.126850797262778,2.8841223437782637
image_0_3939.jpg,overripe,train,43.12970337814146,0.98880449054063,0.02184145452660708,0.30810289048987355,4.6685585939304355,3.744706851167425,2.792974259207585
image_0_3989.jpg,overripe,train,68.11682909524748,0.9852012466796354,0.02092424374985358,0.31387091860521693,4.69113238740621,3.681556995772269,2.764797236308408
image_0_4051.jpg,overripe,train,46.967853811775406,0.9852353877981105,0.023612285071278202,0.3178977342390182,4.664551279794388,3.6286898727620662,2.7684062563126948
image_0_4057.jpg,overripe,train,42.911597745946935,0.9851197131727356,0.02535288458388187,0.3284805984323488,4.725289340388805,3.9718660851512833,2.847749168255755
image_0_410.jpg,overripe,train,65.5303769154022,0.9805721409477032,0.023013974951037616,0.3092649951626628,4.677795056385049,3.8687472375744383,2.814417315066474
image_0_4103.jpg,overripe,train,79.98281369410284,0.9749626913938497,0.022689797492555626,0.2890012795198737,4.621958508568882,3.603756513737225,2.753323230735306
image_0_4106.jpg,overripe,train,57.96217454863442,0.9844834842577697,0.022702669767979862,0.32402112284411855,4.721799031363145,3.9129100156295378,2.8292165665011337
image_0_4135.jpg,overripe,train,52.34394295086878,0.9824172665582297,0.022530123680974165,0.2866784477125779,4.649190765949439,3.953763067616883,2.843103050815225
image_0_4152.jpg,overripe,train,51.984583979505956,0.9831295328678074,0.02218411210884835,0.2884678452384063,4.651252864782276,3.972103472346644,2.8420094678144507
image_0_4156.jpg,overripe,train,58.64707322657969,0.9836489279728281,0.02033395454889083,0.2710321144376602,4.593950971028335,3.713879814396997,2.78463903393372
image_0_4231.jpg,overripe,train,46.666589938193496,0.9903006095871116,0.020453974010703313,0.2948968211390798,4.651251505822514,3.7821070154873877,2.785665906965469
image_0_4254 (2).jpg,overripe,train,54.42683682601907,0.9879341713999088,0.021429075266776728,0.31556438802763714,4.6746868925077285,3.6269703877981736,2.7609769938830095
image_0_4254.jpg,overripe,train,46.544872195377835,0.9862391177765527,0.023097915194514047,0.3167366025813455,4.6901578088843365,3.8384559175871575,2.8148041041280747
image_0_4324.jpg,overripe,train,37.46385008719203,0.9837766704060962,0.02595631392495449,0.3229722943005591,4.687306155075939,3.6412953011531624,2.763961897465504
image_0_438.jpg,overripe,train,42.098622134536825,0.9833442846820344,0.026855801574276694,0.3488113682806382,4.798480887589799,4.212637201570658,2.9010653198910776
image_0_4405 (2).jpg,overripe,train,37.99223907913927,0.9843666752875557,0.027015854224896947,0.338413581581476,4.775633895534924,4.144758179695681,2.888072933939559
image_0_4408.jpg,overripe,train,63.53006203984256,0.9861889594300368,0.0210838405144852,0.31334414457352305,4.685826134417406,3.642391024946764,2.75757615150723
image_0_4427.jpg,overripe,train,52.70100910071165,0.9838132726050554,0.02407867484808337,0.33324913601760386,4.727206668390126,3.7862560870995976,2.8103466259172536
image_0_4460.jpg,overripe,train,38.880043606959696,0.9797097956716632,0.02768639798190818,0.32754464841733616,4.7556644556909236,4.206435318758819,2.9054112404170347
image_0_4463.jpg,overripe,train,65.16415827358682,0.9834630273361377,0.01966045288952758,0.2659392799894979,4.599133495334538,3.8880361231805782,2.822777326059142
image_0_4520.jpg,overripe,train,42.897173573686544,0.9910629272895982,0.02158348349983189,0.31429244884709717,4.660236410421358,3.5451509251329494,2.74400160654575
image_0_4526.jpg,overripe,train,58.68745443526356,0.9773858821108437,0.025316118855062176,0.31351891354729855,4.715140474021683,4.093943014166565,2.8662660582964974
image_0_4570.jpg,overripe,train,88.24061305953946,0.9781935307624628,0.020696806320193314,0.28454670355028117,4.619196876847568,3.6005947021717604,2.7503260183674496
image_0_4602.jpg,overripe,train,63.810228700918685,0.9801775274683341,0.02383540182539039,0.328169504555454,4.737556781153034,3.919169117981169,2.8339269856713782
image_0_4675.jpg,overripe,train,63.482631438866036,0.9801249026748562,0.022582661032354366,0.29594836495077353,4.638761485481124,3.679472835243174,2.7758311364412354
image_0_4687.jpg,overripe,train,37.35754719933422,0.9871849660895045,0.02679184923303365,0.362248422932661,4.760552268244576,3.3679456344560936,2.707140220160394
image_0_4698.jpg,overripe,train,48.19063020587245,0.982300126464703,0.02670442666707569,0.3546542937904746,4.733346394984326,3.4488375886107607,2.715818455151295
image_0_4706.jpg,overripe,train,38.50342224662121,0.9758944065044632,0.031797704069047764,0.34488205519174386,4.8113475931563485,4.372011667900533,2.9309511522121374
image_0_4710.jpg,overripe,train,45.69682915352046,0.9825259464581967,0.024144319166055,0.29917651575692894,4.691795521311591,4.1354091408718086,2.88835883544899
image_0_4725.jpg,overripe,train,48.507059723178074,0.9873457615209402,0.0220048877568071,0.31284265281065543,4.678982422952629,3.7621443732230095,2.792940234701223
image_0_4730.jpg,overripe,train,46.02436479374168,0.9821145574329573,0.024200114326287343,0.2984604595680906,4.69194241947256,4.167765517098837,2.8935963299696508
image_0_474.jpg,overripe,train,44.98388435289393,0.9885582308314509,0.021546779445652704,0.30881762976745686,4.665902008807938,3.7563111963954032,2.7928923699259456
image_0_4756.jpg,overripe,train,47.78079969588853,0.9876500533125179,0.020917951059289983,0.29085467055657166,4.641704600611316,3.814841555106279,2.808885830546365
image_0_4783.jpg,overripe,train,53.93813820658379,0.9876041942625706,0.019669923616811715,0.2787913639334098,4.6183189406323875,3.791481907647828,2.8033572990763767
image_0_4892.jpg,overripe,train,72.94918066386893,0.97926360586429,0.02075764968172646,0.28195382522286394,4.629425615564103,3.8608313960059992,2.8135647292485655
image_0_4937.jpg,overripe,train,55.67313964646392,0.9838444403780717,0.024775041519692044,0.3465822650329789,4.761036794802857,3.823283299610731,2.7971055348797926
image_0_4949.jpg,overripe,train,64.50946485146812,0.9817273313307842,0.02213762299356111,0.29390769728933674,4.633465679163167,3.684443154372969,2.777775003058749
image_0_4953.jpg,overripe,train,66.01958299511392,0.9839109235854093,0.020856181458173736,0.29006151507246475,4.636387442389418,3.7689875000948945,2.7924460146804244
image_0_4967.jpg,overripe,train,41.85196195245148,0.9894759307749563,0.02516356300919967,0.31668883950750515,4.619418151447661,3.1904442048821067,2.642089810508076
image_0_497.jpg,overripe,train,57.553134978553175,0.986796447111384,0.019649278083481592,0.27811958454035135,4.618479708567223,3.808689997248343,2.8074564059676983
image_0_501.jpg,overripe,train,41.10701004465149,0.9837506915189254,0.027014860779252615,0.3397699973451004,4.781340131654047,4.181836657682855,2.892209007503002
image_0_5013.jpg,overripe,train,58.241303571309714,0.9807516135721674,0.024861755161574364,0.316963130358818,4.70858775915933,3.997175611369616,2.8500720061169584
image_0_5022.jpg,overripe,train,58.990434906740596,0.9827690767952943,0.023304599662916894,0.32527863392577083,4.7324992762638,3.9512351849727567,2.8340261280392745
image_0_506.jpg,overripe,train,39.22500096850389,0.9904540733024659,0.025424647547541666,0.3204332826684286,4.62439677536333,3.164593226596759,2.64082317555345
image_0_5084.jpg,overripe,train,44.008511755403184,0.99107406283179,0.02060847470407496,0.2958775984243193,4.643091285511636,3.765678700672821,2.787103244284127
image_0_5085.jpg,overripe,train,47.85268454053585,0.9894260303750211,0.021852237334443747,0.3107914678023721,4.682066820400064,3.82918877807378,2.8114631154235923
image_0_5146.jpg,overripe,train,68.80606591842418,0.9789106323982423,0.024309672691315294,0.329292266544833,4.706490759372833,3.6149037861044917,2.7547963033258456
image_0_5180.jpg,overripe,train,55.046918567862285,0.9850173365711731,0.021642710912863843,0.29727650409755574,4.623723224486724,3.5163733578718457,2.7312862069496937
image_0_5209.jpg,overripe,train,45.26425680451334,0.9838060307883152,0.027571271679142386,0.35847251669189406,4.815068347088052,4.177288849919624,2.8928257131861477
image_0_5228.jpg,overripe,train,49.11621150661371,0.9835369011603927,0.023696539140547142,0.31215098150754467,4.638883257956508,3.383913965491798,2.710032677716785
image_0_5238.jpg,overripe,train,41.1693796227593,0.9880849454661028,0.022155457902208242,0.3058297390931766,4.627702472529649,3.3746524118774777,2.6986714955843856
image_0_5323.jpg,overripe,train,61.551742170105435,0.9857161068984017,0.02302347796388875,0.31860474773421815,4.692543514879281,3.896183592295113,2.8261048369527604
image_0_5363.jpg,overripe,train,77.5838256260116,0.9790629337232207,0.019564662398401784,0.26047070379808196,4.547718363941808,3.485943361614584,2.7215531092241756
image_0_5376.jpg,overripe,train,51.268336337911855,0.9874763948326659,0.019753913087075914,0.2703810711009927,4.585657480026387,3.717998132918285,2.7865824216268313
image_0_538.jpg,overripe,train,50.67452210952074,0.9842859823015524,0.022204849494184054,0.2961025716935174,4.666320118920595,3.9791522970751885,2.856588086322018
image_0_5431.jpg,overripe,train,39.83145297213349,0.986971150131896,0.025664703782486985,0.3471028502292895,4.726758687853402,3.5769107998809204,2.7696885108242144
image_0_5507.jpg,overripe,train,39.72270438224066,0.9858128786563001,0.028841103255941948,0.3664036021265664,4.825867660807239,4.150504557872126,2.8876602416642174
image_0_5556.jpg,overripe,train,67.55991900250933,0.9836878160195883,0.020209368647881268,0.2907193094508297,4.623196542283201,3.5741802887775362,2.7404019431302085
image_0_5560.jpg,overripe,train,56.07126810316801,0.987480858033461,0.020117229921576815,0.28017285816290477,4.594092424964269,3.5962045796742372,2.7506343229427714
image_0_557.jpg,overripe,train,41.419614507962415,0.98048561183697,0.025866881610014325,0.30917251310873584,4.669331282370171,3.78844823182736,2.8088332490567383
image_0_561.jpg,overripe,train,35.26216400561405,0.9908382357159884,0.025753611060829944,0.37964746996479076,4.847370484458135,4.014318344679098,2.863398166670999
image_0_5612.jpg,overripe,train,52.49948410446173,0.9799315172671165,0.024619932122448555,0.32480905859695064,4.738601850466138,3.99302161881358,2.846111790452587
image_0_5640.jpg,overripe,train,41.59120196011324,0.9882141072615227,0.026335440070481622,0.3779630332687825,4.855834755356287,4.1218648023972,2.881443733318288
image_0_568.jpg,overripe,train,55.94723664808204,0.9881681864999341,0.019428050189053286,0.2765258723793625,4.609411746681069,3.7924151152378034,2.8067547895376865
image_0_5787.jpg,overripe,train,54.62236751271864,0.9829149756820255,0.025735832426839095,0.3604486502828966,4.791059586012862,3.847760201634395,2.81938329572569
image_0_5789.jpg,overripe,train,46.02735726660203,0.9836487979823264,0.027380656488654787,0.37527213634606527,4.794102924471997,3.5534651571160696,2.7443325290537195
image_0_5799.jpg,overripe,train,63.802964390677985,0.9828755016565695,0.022303568208967478,0.2989974207990267,4.646294265120652,3.757366399149186,2.7893799251109668
image_0_5818.jpg,overripe,train,41.529341687413364,0.9849643397261487,0.028485671133521295,0.36046226117238844,4.821259786476868,4.1898241780625884,2.896952455760443
image_0_5862.jpg,overripe,train,69.75520837792988,0.9781805342418514,0.02385571204143759,0.32718942238003995,4.738296841697346,3.969110759395179,2.845670354831684
image_0_5906.jpg,overripe,train,40.68180980955952,0.9817062188888583,0.027557338939911295,0.31935204602186396,4.688125798372297,3.835439716334461,2.8258361837011705
image_0_5915.jpg,overripe,train,40.935479066148574,0.9889977223812669,0.027294463028626766,0.35370272455971064,4.731889214931223,3.5943185820314345,2.7629768711521687
image_0_5970.jpg,overripe,train,46.87303702322829,0.9847119020592514,0.02528304129697478,0.35379670533043334,4.7328016804464905,3.4835187763820175,2.7260125163783497
image_0_5976.jpg,overripe,train,42.63689848498348,0.9883832516171042,0.02731048514083715,0.35168483271144946,4.734427379745848,3.6435118787794685,2.773355146218002
image_0_6013.jpg,overripe,train,55.40984055071465,0.9873477136245135,0.021816820617638247,0.3167028063556334,4.70789949001275,3.889664896541743,2.835222775331203
image_0_6016.jpg,overripe,train,46.61633751842609,0.9831097335435244,0.026725456939398238,0.35286365554550825,4.7307249337215875,3.474918032426682,2.7306694005689374
image_0_6036.jpg,overripe,train,40.16114251512718,0.9889666706647192,0.02732547837624316,0.3556003431378122,4.735785560555664,3.6018596793141016,2.765172665202685
image_0_604.jpg,overripe,train,36.66903574489474,0.98572034159492,0.026908880863992554,0.34685001899260093,4.774365917688158,4.0632240770309265,2.8748472862314536
image_0_6060.jpg,overripe,train,37.91703391600497,0.9848829023802784,0.02738433301569313,0.3397751292392214,4.778215560529977,4.149606205333526,2.882913384709899
image_0_6148.jpg,overripe,train,54.52028687661518,0.9854643095675005,0.02119067871830521,0.2885699984720551,4.637364071903189,3.8154293768311778,2.809854914551114
image_0_6160.jpg,overripe,train,64.39280893876972,0.9838730352660703,0.021389395010453553,0.29110815948626534,4.637714228130916,3.8227399069329313,2.801605758319901
image_0_6236.jpg,overripe,train,43.7948149049794,0.9845270025933683,0.02313252059667843,0.2935818463358587,4.646989109048939,3.8813865022439336,2.827062891373515
image_0_6249.jpg,overripe,train,49.66889298466539,0.9867121348492943,0.02137900950254107,0.2911793203694069,4.629233734369142,3.7767361480678363,2.8065197163793285
image_0_6277.jpg,overripe,train,47.890775975964445,0.9844633466959294,0.025555163858108847,0.34404391819421926,4.721025641025641,3.5809109796186713,2.763495913452825
image_0_6280.jpg,overripe,train,62.91506799167894,0.9844398635787693,0.020347216465425474,0.2846375075017806,4.617380798563626,3.659205412728486,2.780045215423922
image_0_6304.jpg,overripe,train,72.19135119391119,0.9850397519197391,0.01935263553331023,0.2789262748798019,4.597219886367791,3.5369060669713215,2.7288191463447515
image_0_6337.jpg,overripe,train,70.562529483355,0.9832462795983221,0.020409818693042026,0.2871953503408774,4.613559840832568,3.594297306106862,2.744884308913044
image_0_6339.jpg,overripe,train,67.65586900403315,0.9830681337308804,0.021594606116866085,0.29961812358029516,4.606558889488177,3.21783730004212,2.6474479012752052
image_0_6382.jpg,overripe,train,58.25202024949716,0.9780853567582909,0.0251724143007527,0.31492312704784503,4.714207684524395,4.058537116798728,2.8616768950130456
image_0_6383.jpg,overripe,train,64.07938947406558,0.9827093131013958,0.02205291522762102,0.3015066395943572,4.643828750871203,3.6863248098790424,2.774919353318061
image_0_6414.jpg,overripe,train,63.63418985474572,0.9839021425058151,0.021840585386344594,0.29500866026563805,4.64296172348881,3.7176355703818027,2.78381062457432
image_0_6449.jpg,overripe,train,38.39302274352473,0.9861012825048913,0.027670284281402183,0.3759847123549951,4.862154790967348,4.28170246703762,2.9097893212070636
